fpr,tpr
0.0,0.0
1.1688934086100688e-05,0.0
0.000187022945377611,0.0
0.000187022945377611,0.0018484288354898336
0.00023377868172201377,0.0018484288354898336
0.00025715654989421515,0.0018484288354898336
0.00025715654989421515,0.0036968576709796672
0.0002922233521525172,0.0036968576709796672
0.0002922233521525172,0.005545286506469501
0.0003156012203247186,0.005545286506469501
0.0003156012203247186,0.0073937153419593345
0.00035066802258302063,0.0073937153419593345
0.00035066802258302063,0.009242144177449169
0.00044417949527182616,0.009242144177449169
0.0004558684293579269,0.011090573012939002
0.000526002033874531,0.011090573012939002
0.000526002033874531,0.012939001848428836
0.0005376909679606316,0.012939001848428836
0.0005376909679606316,0.014787430683918669
0.0005493799020467324,0.014787430683918669
0.0005493799020467324,0.0166358595194085
0.0005727577702189337,0.0166358595194085
0.0005727577702189337,0.018484288354898338
0.0006195135065633364,0.018484288354898338
0.0006195135065633364,0.02033271719038817
0.0006545803088216386,0.02033271719038817
0.0006545803088216386,0.022181146025878003
0.0007714696496826455,0.022181146025878003
0.0007714696496826455,0.024029574861367836
0.0008182253860270482,0.024029574861367836
0.0008182253860270482,0.025878003696857672
0.000864981122371451,0.025878003696857672
0.000864981122371451,0.027726432532347505
0.0009351147268880551,0.027726432532347505
0.0009351147268880551,0.029574861367837338
0.0009818704632324577,0.029574861367837338
0.0010052483314046592,0.029574861367837338
0.0010987598040934647,0.029574861367837338
0.0010987598040934647,0.038817005545286505
0.0011104487381795654,0.038817005545286505
0.0011104487381795654,0.04066543438077634
0.0011221376722656661,0.04066543438077634
0.0011221376722656661,0.04436229205175601
0.0011805823426961695,0.04436229205175601
0.0011805823426961695,0.04805914972273567
0.0012156491449544717,0.04805914972273567
0.0012156491449544717,0.04990757855822551
0.0012857827494710758,0.04990757855822551
0.0012857827494710758,0.051756007393715345
0.0013442274199015791,0.051756007393715345
0.0013442274199015791,0.053604436229205174
0.0014844946289347875,0.053604436229205174
0.0014844946289347875,0.05545286506469501
0.0015546282334513916,0.05545286506469501
0.0015546282334513916,0.05730129390018484
0.001835162651517808,0.05730129390018484
0.001835162651517808,0.059149722735674676
0.0018702294537761102,0.059149722735674676
0.0018702294537761102,0.06099815157116451
0.0018936073219483116,0.06099815157116451
0.0018936073219483116,0.06284658040665435
0.001952051992378815,0.06284658040665435
0.001952051992378815,0.06469500924214418
0.001987118794637117,0.06469500924214418
0.0020104966628093184,0.06469500924214418
0.0020104966628093184,0.066543438077634
0.00203387453098152,0.066543438077634
0.00203387453098152,0.06839186691312385
0.0020455634650676205,0.06839186691312385
0.0020455634650676205,0.07024029574861368
0.0020806302673259227,0.07024029574861368
0.0020806302673259227,0.07208872458410351
0.002104008135498124,0.07208872458410351
0.002104008135498124,0.07393715341959335
0.0021624528059286273,0.07393715341959335
0.0021624528059286273,0.07578558225508318
0.002174141740014728,0.07578558225508318
0.002174141740014728,0.07763401109057301
0.00220920854227303,0.07763401109057301
0.00220920854227303,0.08133086876155268
0.002255964278617433,0.08133086876155268
0.002255964278617433,0.08317929759704251
0.0022910310808757347,0.08317929759704251
0.0022910310808757347,0.08502772643253234
0.0023494757513062383,0.08502772643253234
0.0023494757513062383,0.09057301293900184
0.002396231487650641,0.09057301293900184
0.002396231487650641,0.09242144177449169
0.002466365092167245,0.09242144177449169
0.002466365092167245,0.09426987060998152
0.002513120828511648,0.09426987060998152
0.002513120828511648,0.09611829944547134
0.0025715654989421515,0.09611829944547134
0.002594943367114353,0.09611829944547134
0.0026183212352865544,0.09611829944547134
0.0026183212352865544,0.09981515711645102
0.002653388037544856,0.09981515711645102
0.0026767659057170576,0.09981515711645102
0.0026767659057170576,0.10351201478743069
0.002735210576147561,0.10351201478743069
0.002735210576147561,0.10536044362292052
0.002746899510233662,0.10536044362292052
0.002746899510233662,0.10720887245841035
0.002781966312491964,0.10720887245841035
0.002781966312491964,0.10905730129390019
0.0027936552465780647,0.10905730129390019
0.0027936552465780647,0.11090573012939002
0.0028754777851807693,0.11090573012939002
0.0028754777851807693,0.11275415896487985
0.002933922455611273,0.11275415896487985
0.002933922455611273,0.11460258780036968
0.0029456113896973737,0.11460258780036968
0.0029456113896973737,0.12014787430683918
0.0030157449942139775,0.12014787430683918
0.0030157449942139775,0.12754158964879853
0.0030274339283000782,0.12754158964879853
0.0030274339283000782,0.12939001848428835
0.0030625007305583804,0.12939001848428835
0.0030625007305583804,0.13123844731977818
0.0030975675328166826,0.13123844731977818
0.003120945400988884,0.13123844731977818
0.003120945400988884,0.13493530499075784
0.0031677011373332864,0.13493530499075784
0.0031677011373332864,0.1367837338262477
0.003191079005505488,0.1367837338262477
0.003191079005505488,0.13863216266173753
0.00322614580776379,0.13863216266173753
0.00322614580776379,0.14048059149722736
0.0032378347418498907,0.14048059149722736
0.0032495236759359915,0.1423290203327172
0.0032962794122803943,0.1423290203327172
0.0033196572804525953,0.1423290203327172
0.003331346214538696,0.1423290203327172
0.003331346214538696,0.14417744916820702
0.0033430351486247968,0.14417744916820702
0.0033430351486247968,0.1478743068391867
0.0033547240827108975,0.1478743068391867
0.003378101950883099,0.1478743068391867
0.0033897908849691996,0.1478743068391867
0.0034014798190553004,0.14972273567467653
0.0034365466213136025,0.14972273567467653
0.0034365466213136025,0.15526802218114602
0.003459924489485804,0.15526802218114602
0.003459924489485804,0.15711645101663585
0.0034949912917441057,0.15711645101663585
0.0034949912917441057,0.1589648798521257
0.0035768138303468107,0.1589648798521257
0.0035768138303468107,0.16081330868761554
0.003600191698519012,0.16081330868761554
0.003600191698519012,0.16266173752310537
0.003611880632605113,0.16266173752310537
0.003611880632605113,0.1645101663585952
0.0036235695666912136,0.1645101663585952
0.0036235695666912136,0.16635859519408502
0.0036820142371217167,0.16635859519408502
0.0036820142371217167,0.17190388170055454
0.0037287699734661196,0.17190388170055454
0.0037287699734661196,0.1756007393715342
0.0037404589075522203,0.1756007393715342
0.0037404589075522203,0.18299445471349354
0.003787214643896623,0.18299445471349354
0.003787214643896623,0.18484288354898337
0.003822281446154925,0.18484288354898337
0.003822281446154925,0.1866913123844732
0.0038456593143271264,0.1866913123844732
0.0038456593143271264,0.18853974121996303
0.003869037182499328,0.18853974121996303
0.003869037182499328,0.19038817005545286
0.003927481852929831,0.19038817005545286
0.003927481852929831,0.1922365988909427
0.0039625486551881335,0.1922365988909427
0.0039625486551881335,0.19593345656192238
0.004009304391532536,0.19593345656192238
0.004009304391532536,0.1977818853974122
0.004020993325618637,0.1977818853974122
0.004020993325618637,0.19963031423290203
0.004044371193790838,0.19963031423290203
0.004044371193790838,0.2033271719038817
0.004056060127876939,0.2033271719038817
0.004056060127876939,0.20517560073937152
0.004126193732393543,0.20517560073937152
0.004126193732393543,0.20702402957486138
0.004196327336910147,0.20702402957486138
0.004196327336910147,0.2088724584103512
0.004289838809598953,0.2088724584103512
0.004289838809598953,0.21072088724584104
0.004313216677771154,0.21072088724584104
0.004313216677771154,0.2144177449168207
0.004348283480029456,0.2144177449168207
0.004348283480029456,0.21626617375231053
0.004371661348201657,0.21626617375231053
0.004371661348201657,0.21811460258780038
0.00441841708454606,0.21811460258780038
0.00441841708454606,0.2199630314232902
0.004441794952718262,0.2199630314232902
0.004441794952718262,0.22181146025878004
0.004476861754976563,0.22181146025878004
0.004476861754976563,0.22365988909426987
0.004558684293579269,0.22365988909426987
0.004558684293579269,0.2255083179297597
0.004570373227665369,0.2255083179297597
0.004570373227665369,0.22920517560073936
0.004593751095837571,0.22920517560073936
0.004593751095837571,0.23105360443622922
0.004698951502612477,0.23105360443622922
0.004698951502612477,0.23475046210720887
0.004722329370784678,0.23475046210720887
0.004722329370784678,0.2365988909426987
0.00475739617304298,0.2365988909426987
0.00475739617304298,0.24029574861367836
0.004815840843473484,0.24029574861367836
0.004815840843473484,0.24399260628465805
0.004839218711645685,0.24399260628465805
0.004839218711645685,0.24584103512014788
0.0048509076457317855,0.24584103512014788
0.0048509076457317855,0.24953789279112754
0.004862596579817887,0.24953789279112754
0.004862596579817887,0.2513863216266174
0.004885974447990088,0.2513863216266174
0.004885974447990088,0.25508317929759705
0.0049093523161622896,0.25508317929759705
0.0049093523161622896,0.25693160813308685
0.004944419118420591,0.25693160813308685
0.004944419118420591,0.2587800369685767
0.004956108052506692,0.2587800369685767
0.004956108052506692,0.26062846580406657
0.005014552722937196,0.26062846580406657
0.005014552722937196,0.2643253234750462
0.005037930591109397,0.2643253234750462
0.005037930591109397,0.2680221811460259
0.0050613084592815985,0.2680221811460259
0.0050613084592815985,0.2698706099815157
0.005072997393367699,0.2698706099815157
0.005072997393367699,0.27171903881700554
0.0050846863274538,0.27171903881700554
0.0050846863274538,0.2735674676524954
0.005119753129712102,0.2735674676524954
0.005119753129712102,0.27911275415896486
0.0051665088660565045,0.27911275415896486
0.0051665088660565045,0.28650646950092423
0.005189886734228706,0.28650646950092423
0.005189886734228706,0.2902033271719039
0.005201575668314806,0.2902033271719039
0.005201575668314806,0.2920517560073937
0.0052717092728314105,0.2920517560073937
0.0052717092728314105,0.2957486136783734
0.005341842877348015,0.2957486136783734
0.005341842877348015,0.29944547134935307
0.0054236654159507194,0.29944547134935307
0.0054236654159507194,0.30129390018484287
0.005458732218209021,0.30129390018484287
0.005458732218209021,0.3049907578558225
0.005505487954553424,0.3049907578558225
0.005505487954553424,0.3068391866913124
0.005563932624983928,0.3068391866913124
0.005563932624983928,0.31053604436229204
0.00559899942724223,0.31053604436229204
0.00561068836132833,0.3123844731977819
0.005645755163586633,0.3123844731977819
0.005645755163586633,0.31608133086876156
0.005657444097672733,0.31608133086876156
0.005657444097672733,0.3197781885397412
0.005669133031758834,0.3197781885397412
0.005669133031758834,0.32162661737523107
0.0056925108999310355,0.32162661737523107
0.0056925108999310355,0.32532347504621073
0.005739266636275438,0.32532347504621073
0.005739266636275438,0.32717190388170053
0.00576264450444764,0.32717190388170053
0.00577433343853374,0.3290203327171904
0.00577433343853374,0.33086876155268025
0.00578602237261984,0.33086876155268025
0.00578602237261984,0.3364140480591497
0.005867844911222546,0.3364140480591497
0.005867844911222546,0.33826247689463956
0.005891222779394747,0.33826247689463956
0.005891222779394747,0.3419593345656192
0.005961356383911351,0.3419593345656192
0.005961356383911351,0.3438077634011091
0.005996423186169653,0.3438077634011091
0.005996423186169653,0.34750462107208874
0.006008112120255754,0.34750462107208874
0.006008112120255754,0.34935304990757854
0.006019801054341855,0.34935304990757854
0.006019801054341855,0.3512014787430684
0.006031489988427955,0.3512014787430684
0.006031489988427955,0.35304990757855825
0.006043178922514056,0.35304990757855825
0.006043178922514056,0.3567467652495379
0.0060548678566001565,0.3567467652495379
0.0060548678566001565,0.3585951940850277
0.006089934658858459,0.3585951940850277
0.006089934658858459,0.36044362292051757
0.006101623592944559,0.36044362292051757
0.006101623592944559,0.36229205175600737
0.006148379329288962,0.36229205175600737
0.006148379329288962,0.36414048059149723
0.006183446131547264,0.36414048059149723
0.006183446131547264,0.3659889094269871
0.006195135065633365,0.3659889094269871
0.006195135065633365,0.36968576709796674
0.006335402274666573,0.36968576709796674
0.006335402274666573,0.37153419593345655
0.006358780142838774,0.37153419593345655
0.006358780142838774,0.3733826247689464
0.0063704690769248755,0.3733826247689464
0.0063704690769248755,0.37707948243992606
0.006393846945097077,0.37707948243992606
0.006393846945097077,0.3789279112754159
0.006405535879183177,0.3789279112754159
0.006405535879183177,0.3807763401109057
0.00644060268144148,0.3807763401109057
0.00644060268144148,0.38817005545286504
0.006510736285958083,0.38817005545286504
0.006510736285958083,0.39186691312384475
0.006534114154130285,0.39186691312384475
0.006534114154130285,0.39371534195933455
0.006545803088216386,0.39371534195933455
0.006545803088216386,0.3955637707948244
0.006557492022302486,0.3955637707948244
0.006557492022302486,0.3974121996303142
0.006604247758646889,0.3974121996303142
0.006604247758646889,0.39926062846580407
0.006873093242627205,0.39926062846580407
0.006873093242627205,0.4011090573012939
0.006943226847143809,0.4011090573012939
0.006943226847143809,0.4029574861367837
0.00695491578122991,0.4029574861367837
0.00695491578122991,0.4066543438077634
0.007025049385746514,0.4066543438077634
0.007025049385746514,0.4121996303142329
0.0071068719243492185,0.4121996303142329
0.0071068719243492185,0.4177449168207024
0.007153627660693621,0.4177449168207024
0.007153627660693621,0.4214417744916821
0.007177005528865823,0.4214417744916821
0.007177005528865823,0.4232902033271719
0.007188694462951923,0.4232902033271719
0.007188694462951923,0.42513863216266173
0.007212072331124125,0.42513863216266173
0.007212072331124125,0.4269870609981516
0.007247139133382427,0.4269870609981516
0.007247139133382427,0.4288354898336414
0.007270517001554629,0.4288354898336414
0.007270517001554629,0.43068391866913125
0.007282205935640729,0.43068391866913125
0.007282205935640729,0.4343807763401109
0.00729389486972683,0.4343807763401109
0.00729389486972683,0.43622920517560076
0.00730558380381293,0.43622920517560076
0.00730558380381293,0.4399260628465804
0.007317272737899031,0.4399260628465804
0.007317272737899031,0.4436229205175601
0.007352339540157333,0.4436229205175601
0.007352339540157333,0.44731977818853974
0.007410784210587836,0.44731977818853974
0.007410784210587836,0.4491682070240296
0.0074224731446739375,0.4491682070240296
0.0074224731446739375,0.4510166358595194
0.007492606749190541,0.4510166358595194
0.007492606749190541,0.45286506469500926
0.007539362485534944,0.45286506469500926
0.007551051419621045,0.45471349353049906
0.007562740353707145,0.45471349353049906
0.007586118221879347,0.45471349353049906
0.00764456289230985,0.45471349353049906
0.00764456289230985,0.4565619223659889
0.007773141167256958,0.4565619223659889
0.007773141167256958,0.4584103512014787
0.00781989690360136,0.4584103512014787
0.00781989690360136,0.4658040665434381
0.007843274771773562,0.4658040665434381
0.007843274771773562,0.4676524953789279
0.007866652639945763,0.4676524953789279
0.007866652639945763,0.46950092421441775
0.007890030508117965,0.46950092421441775
0.007890030508117965,0.4713493530499076
0.007913408376290166,0.4713493530499076
0.007913408376290166,0.47689463955637706
0.007936786244462368,0.47689463955637706
0.007936786244462368,0.4787430683918669
0.007960164112634569,0.4787430683918669
0.007960164112634569,0.4805914972273567
0.00798354198080677,0.4805914972273567
0.00798354198080677,0.4824399260628466
0.008018608783065073,0.4824399260628466
0.008018608783065073,0.48428835489833644
0.008030297717151172,0.48428835489833644
0.008030297717151172,0.48613678373382624
0.008065364519409476,0.48613678373382624
0.008065364519409476,0.4879852125693161
0.008088742387581676,0.4879852125693161
0.008088742387581676,0.49168207024029575
0.00814718705801218,0.49168207024029575
0.00814718705801218,0.49353049907578556
0.00815887599209828,0.49353049907578556
0.00815887599209828,0.5009242144177449
0.008170564926184381,0.5009242144177449
0.008170564926184381,0.5027726432532348
0.008229009596614885,0.5027726432532348
0.008229009596614885,0.5046210720887245
0.008240698530700986,0.5046210720887245
0.008240698530700986,0.5083179297597042
0.008264076398873187,0.5083179297597042
0.008264076398873187,0.512014787430684
0.00831083213521759,0.512014787430684
0.00831083213521759,0.5157116451016636
0.008369276805648094,0.5157116451016636
0.008369276805648094,0.5194085027726433
0.008451099344250798,0.5194085027726433
0.008451099344250798,0.5231053604436229
0.0085095440146813,0.5231053604436229
0.0085095440146813,0.5249537892791127
0.008532921882853503,0.5249537892791127
0.008532921882853503,0.5268022181146026
0.008591366553284007,0.5268022181146026
0.008591366553284007,0.5304990757855823
0.008591366553284007,0.532347504621072
0.008696566960058912,0.532347504621072
0.008696566960058912,0.5378927911275416
0.008778389498661616,0.5378927911275416
0.008778389498661616,0.5415896487985212
0.008790078432747718,0.5415896487985212
0.008790078432747718,0.5434380776340111
0.00881345630091992,0.5434380776340111
0.00881345630091992,0.5452865064695009
0.00882514523500602,0.5452865064695009
0.00882514523500602,0.5471349353049908
0.008848523103178222,0.5471349353049908
0.008848523103178222,0.5489833641404805
0.008930345641780926,0.5489833641404805
0.008930345641780926,0.5508317929759704
0.00897710137812533,0.5508317929759704
0.00897710137812533,0.5526802218114603
0.009105679653072437,0.5526802218114603
0.009105679653072437,0.5545286506469501
0.009269324730277846,0.5545286506469501
0.009269324730277846,0.55637707948244
0.00932776940070835,0.55637707948244
0.00932776940070835,0.5582255083179297
0.009362836202966652,0.5582255083179297
0.009362836202966652,0.5600739371534196
0.009421280873397156,0.5600739371534196
0.009421280873397156,0.5619223659889094
0.009444658741569356,0.5619223659889094
0.009444658741569356,0.5637707948243993
0.009456347675655457,0.5637707948243993
0.009456347675655457,0.5656192236598891
0.009468036609741558,0.5656192236598891
0.009468036609741558,0.5674676524953789
0.009491414477913759,0.5674676524953789
0.009491414477913759,0.5693160813308688
0.00950310341199986,0.5693160813308688
0.00950310341199986,0.5785582255083179
0.00951479234608596,0.5785582255083179
0.00951479234608596,0.5804066543438078
0.009549859148344263,0.5804066543438078
0.009549859148344263,0.5822550831792976
0.009573237016516464,0.5822550831792976
0.009573237016516464,0.5859519408502772
0.009584925950602565,0.5859519408502772
0.009584925950602565,0.5878003696857671
0.009655059555119168,0.5878003696857671
0.009655059555119168,0.589648798521257
0.009736882093721873,0.589648798521257
0.009736882093721873,0.5914972273567468
0.009748571027807974,0.5914972273567468
0.009748571027807974,0.5933456561922366
0.009783637830066276,0.5933456561922366
0.009783637830066276,0.5951940850277264
0.009795326764152377,0.5951940850277264
0.009795326764152377,0.5970425138632163
0.00984208250049678,0.5970425138632163
0.00984208250049678,0.5988909426987061
0.009900527170927284,0.5988909426987061
0.009900527170927284,0.6081330868761553
0.009912216105013383,0.6081330868761553
0.009912216105013383,0.6118299445471349
0.009923905039099484,0.6118299445471349
0.009923905039099484,0.6136783733826248
0.009947282907271687,0.6136783733826248
0.009947282907271687,0.6155268022181146
0.00999403864361609,0.6155268022181146
0.00999403864361609,0.6173752310536045
0.010029105445874391,0.6173752310536045
0.010029105445874391,0.6192236598890942
0.010064172248132693,0.6192236598890942
0.010064172248132693,0.6210720887245841
0.010075861182218794,0.6210720887245841
0.010075861182218794,0.6229205175600739
0.010122616918563197,0.6229205175600739
0.010122616918563197,0.6247689463955638
0.010134305852649296,0.6247689463955638
0.010134305852649296,0.6266173752310537
0.0101693726549076,0.6266173752310537
0.0101693726549076,0.6284658040665434
0.010204439457165902,0.6284658040665434
0.010204439457165902,0.6303142329020333
0.010216128391252001,0.6303142329020333
0.010216128391252001,0.6321626617375231
0.010239506259424203,0.6321626617375231
0.010239506259424203,0.634011090573013
0.010297950929854707,0.634011090573013
0.010297950929854707,0.6358595194085028
0.010321328798026908,0.6358595194085028
0.010321328798026908,0.6377079482439926
0.010391462402543511,0.6377079482439926
0.010391462402543511,0.6395563770794824
0.010414840270715714,0.6395563770794824
0.010414840270715714,0.6414048059149723
0.010473284941146218,0.6414048059149723
0.010473284941146218,0.6432532347504621
0.010566796413835022,0.6432532347504621
0.010566796413835022,0.6451016635859519
0.010613552150179425,0.6451016635859519
0.010613552150179425,0.6487985212569316
0.01068368575469603,0.6487985212569316
0.01068368575469603,0.6524953789279113
0.010753819359212633,0.6524953789279113
0.010753819359212633,0.6543438077634011
0.010788886161470935,0.6543438077634011
0.010788886161470935,0.6580406654343808
0.010800575095557036,0.6580406654343808
0.010800575095557036,0.6598890942698706
0.010952531238676346,0.6598890942698706
0.010952531238676346,0.6617375231053605
0.010964220172762445,0.6617375231053605
0.010964220172762445,0.66728280961183
0.01102266484319295,0.66728280961183
0.01102266484319295,0.6691312384473198
0.01104604271136515,0.6691312384473198
0.01104604271136515,0.6709796672828097
0.011162932052226158,0.6709796672828097
0.011162932052226158,0.6746765249537893
0.01120968778857056,0.6746765249537893
0.01120968778857056,0.678373382624769
0.01122137672265666,0.678373382624769
0.01122137672265666,0.6820702402957486
0.011233065656742761,0.6820702402957486
0.011233065656742761,0.6839186691312384
0.011279821393087164,0.6839186691312384
0.011279821393087164,0.6857670979667283
0.011314888195345466,0.6857670979667283
0.011314888195345466,0.6876155268022182
0.01134995499760377,0.6876155268022182
0.01134995499760377,0.6894639556377079
0.011361643931689869,0.6894639556377079
0.011361643931689869,0.6913123844731978
0.01139671073394817,0.6913123844731978
0.01139671073394817,0.6931608133086876
0.011408399668034272,0.6931608133086876
0.011408399668034272,0.6950092421441775
0.011431777536206474,0.6950092421441775
0.011431777536206474,0.6968576709796673
0.011466844338464776,0.6968576709796673
0.011466844338464776,0.6987060998151571
0.011536977942981379,0.6987060998151571
0.011536977942981379,0.7005545286506469
0.01157204474523968,0.7005545286506469
0.01157204474523968,0.7024029574861368
0.011595422613411883,0.7024029574861368
0.011595422613411883,0.7060998151571165
0.011677245152014588,0.7060998151571165
0.011677245152014588,0.7079482439926063
0.01170062302018679,0.7079482439926063
0.01170062302018679,0.7097966728280961
0.011852579163306098,0.7097966728280961
0.011852579163306098,0.711645101663586
0.0118642680973922,0.711645101663586
0.0118642680973922,0.7134935304990758
0.0118876459655644,0.7134935304990758
0.0118876459655644,0.7153419593345656
0.011946090635994904,0.7153419593345656
0.011946090635994904,0.7171903881700554
0.011969468504167104,0.7171903881700554
0.011969468504167104,0.7190388170055453
0.01203960210868371,0.7190388170055453
0.01203960210868371,0.7208872458410351
0.01206297997685591,0.7208872458410351
0.01206297997685591,0.722735674676525
0.012074668910942011,0.722735674676525
0.012074668910942011,0.7245841035120147
0.012261691856319623,0.7245841035120147
0.012261691856319623,0.7264325323475046
0.012308447592664026,0.7264325323475046
0.012308447592664026,0.7282809611829945
0.012378581197180629,0.7282809611829945
0.012378581197180629,0.7338262476894639
0.01241364799943893,0.7338262476894639
0.01241364799943893,0.7375231053604436
0.012437025867611133,0.7375231053604436
0.012437025867611133,0.7412199630314233
0.012448714801697233,0.7412199630314233
0.012448714801697233,0.7430683918669131
0.012647426681160945,0.7430683918669131
0.012647426681160945,0.744916820702403
0.01290458323105516,0.744916820702403
0.01290458323105516,0.7467652495378928
0.01292796109922736,0.7467652495378928
0.01292796109922736,0.7486136783733827
0.01306822830826057,0.7486136783733827
0.01306822830826057,0.7523105360443623
0.013302006989982584,0.7523105360443623
0.013302006989982584,0.7541589648798521
0.013605919276221201,0.7541589648798521
0.013605919276221201,0.756007393715342
0.013676052880737805,0.756007393715342
0.013676052880737805,0.7578558225508318
0.013816320089771014,0.7578558225508318
0.013816320089771014,0.7597042513863216
0.013874764760201518,0.7597042513863216
0.013874764760201518,0.7615526802218114
0.013968276232890323,0.7615526802218114
0.013968276232890323,0.7634011090573013
0.013991654101062524,0.7634011090573013
0.013991654101062524,0.7652495378927912
0.014038409837406927,0.7652495378927912
0.014038409837406927,0.767097966728281
0.014050098771493028,0.767097966728281
0.014050098771493028,0.7689463955637708
0.014166988112354034,0.7689463955637708
0.014166988112354034,0.7726432532347505
0.014213743848698437,0.7726432532347505
0.014213743848698437,0.7744916820702403
0.01423712171687064,0.7744916820702403
0.01423712171687064,0.7763401109057301
0.014295566387301142,0.7763401109057301
0.014295566387301142,0.7781885397412199
0.014482589332678753,0.7781885397412199
0.014482589332678753,0.7818853974121996
0.014517656134937055,0.7818853974121996
0.014517656134937055,0.7837338262476895
0.014938457762036679,0.7837338262476895
0.014938457762036679,0.7855822550831792
0.014961835630208881,0.7855822550831792
0.014961835630208881,0.7874306839186691
0.014996902432467183,0.7874306839186691
0.014996902432467183,0.789279112754159
0.015020280300639385,0.789279112754159
0.015020280300639385,0.7911275415896488
0.015195614311930896,0.7911275415896488
0.015195614311930896,0.7929759704251387
0.01544108192773901,0.7929759704251387
0.01544108192773901,0.7948243992606284
0.01546445979591121,0.7948243992606284
0.01546445979591121,0.7966728280961183
0.015534593400427815,0.7966728280961183
0.015534593400427815,0.7985212569316081
0.015557971268600016,0.7985212569316081
0.015557971268600016,0.800369685767098
0.01562810487311662,0.800369685767098
0.01562810487311662,0.8022181146025879
0.01574499421397763,0.8022181146025879
0.01574499421397763,0.8040665434380776
0.016072284368388447,0.8040665434380776
0.016072284368388447,0.8077634011090573
0.01665673107269348,0.8077634011090573
0.01665673107269348,0.8096118299445472
0.016715175743123985,0.8096118299445472
0.016715175743123985,0.8114602587800369
0.016995710161190402,0.8114602587800369
0.016995710161190402,0.8133086876155268
0.017229488842912415,0.8133086876155268
0.017229488842912415,0.8151571164510166
0.01736975605194562,0.8151571164510166
0.01736975605194562,0.8170055452865065
0.01743988965646223,0.8170055452865065
0.01743988965646223,0.8188539741219963
0.017580156865495435,0.8188539741219963
0.017580156865495435,0.8207024029574861
0.018421760119694684,0.8207024029574861
0.018421760119694684,0.822550831792976
0.018562027328727894,0.822550831792976
0.018562027328727894,0.8243992606284658
0.018620471999158398,0.8243992606284658
0.018620471999158398,0.8262476894639557
0.018725672405933303,0.8262476894639557
0.018725672405933303,0.8280961182994455
0.018982828955827518,0.8280961182994455
0.018982828955827518,0.8299445471349353
0.01950883098970205,0.8299445471349353
0.01950883098970205,0.8317929759704251
0.019660787132821357,0.8317929759704251
0.019660787132821357,0.833641404805915
0.019894565814543373,0.833641404805915
0.019894565814543373,0.8354898336414048
0.01999976622131828,0.8354898336414048
0.01999976622131828,0.8373382624768947
0.020011455155404378,0.8373382624768947
0.020011455155404378,0.8391866913123844
0.020093277694007084,0.8391866913123844
0.020093277694007084,0.8410351201478743
0.020104966628093184,0.8410351201478743
0.020104966628093184,0.8428835489833642
0.0203387453098152,0.8428835489833642
0.0203387453098152,0.844731977818854
0.020455634650676204,0.844731977818854
0.020455634650676204,0.8465804066543438
0.021028392420895138,0.8465804066543438
0.021028392420895138,0.8484288354898336
0.021121903893583944,0.8484288354898336
0.021121903893583944,0.8502772643253235
0.021238793234444952,0.8502772643253235
0.021238793234444952,0.8521256931608133
0.02176479526831948,0.8521256931608133
0.02176479526831948,0.8539741219963032
0.022325864104452316,0.8539741219963032
0.022325864104452316,0.8558225508317929
0.02279342146789634,0.8558225508317929
0.02279342146789634,0.8576709796672828
0.023015511215532254,0.8576709796672828
0.023015511215532254,0.8595194085027726
0.02342462390854578,0.8595194085027726
0.02342462390854578,0.8613678373382625
0.02426622716274503,0.8613678373382625
0.02426622716274503,0.8632162661737524
0.02494418533973887,0.8632162661737524
0.02494418533973887,0.8650646950092421
0.025575387780388308,0.8650646950092421
0.025575387780388308,0.866913123844732
0.02627672382555435,0.866913123844732
0.02627672382555435,0.8687615526802218
0.02628841275964045,0.8687615526802218
0.02628841275964045,0.8706099815157117
0.026814414793514978,0.8706099815157117
0.026814414793514978,0.8724584103512015
0.026954682002548188,0.8724584103512015
0.026954682002548188,0.8743068391866913
0.02753912870685322,0.8743068391866913
0.02753912870685322,0.8761552680221811
0.027924863531694544,0.8761552680221811
0.027924863531694544,0.878003696857671
0.02820539794976096,0.878003696857671
0.02820539794976096,0.8798521256931608
0.028415798763310775,0.8798521256931608
0.028415798763310775,0.8817005545286506
0.02937429135837103,0.8817005545286506
0.02937429135837103,0.8835489833641405
0.030671763041928205,0.8835489833641405
0.030671763041928205,0.8853974121996303
0.03087047492139192,0.8853974121996303
0.03087047492139192,0.8872458410351202
0.033932975651950296,0.8872458410351202
0.033932975651950296,0.88909426987061
0.03410830966324181,0.88909426987061
0.03410830966324181,0.8909426987060998
0.03576813830346811,0.8909426987060998
0.03576813830346811,0.8927911275415896
0.03714743252562799,0.8927911275415896
0.03714743252562799,0.8946395563770795
0.03801241364799944,0.8946395563770795
0.03803579151617164,0.8946395563770795
0.03836308167058246,0.8946395563770795
0.03836308167058246,0.8964879852125693
0.038807261165854284,0.8964879852125693
0.038807261165854284,0.8983364140480592
0.039473530408762024,0.8983364140480592
0.039473530408762024,0.9001848428835489
0.03970730909048404,0.9001848428835489
0.03970730909048404,0.9020332717190388
0.03982419843134505,0.9020332717190388
0.03982419843134505,0.9038817005545287
0.0424658975348038,0.9038817005545287
0.0424658975348038,0.9057301293900185
0.04617128964009772,0.9057301293900185
0.04617128964009772,0.9075785582255084
0.0526235812556253,0.9075785582255084
0.0526235812556253,0.9094269870609981
0.05422496522542109,0.9094269870609981
0.05422496522542109,0.911275415896488
0.05843298149641734,0.911275415896488
0.05843298149641734,0.9131238447319778
0.059333029421047095,0.9131238447319778
0.059333029421047095,0.9149722735674677
0.061390281820200815,0.9149722735674677
0.061390281820200815,0.9168207024029574
0.06262930883332748,0.9168207024029574
0.06262930883332748,0.9186691312384473
0.06356442356021555,0.9186691312384473
0.06356442356021555,0.9205175600739371
0.06779581769938399,0.9205175600739371
0.0678191955675562,0.9205175600739371
0.07056609507778985,0.9205175600739371
0.07056609507778985,0.922365988909427
0.08050168905097545,0.922365988909427
0.08050168905097545,0.9242144177449169
0.0830732545499176,0.9242144177449169
0.0830732545499176,0.9260628465804066
0.08592535446692616,0.9260628465804066
0.08592535446692616,0.9279112754158965
0.08666175731435051,0.9279112754158965
0.0866851351825227,0.9279112754158965
0.08901123306565674,0.9279112754158965
0.08901123306565674,0.9297597042513863
0.08970088017673668,0.9297597042513863
0.08970088017673668,0.9316081330868762
0.09289195918224218,0.9316081330868762
0.09289195918224218,0.933456561922366
0.09770780002571565,0.933456561922366
0.09773117789388786,0.933456561922366
0.09990531963390259,0.933456561922366
0.09990531963390259,0.9353049907578558
0.10116772451520147,0.9353049907578558
0.10116772451520147,0.9371534195933456
0.10126123598789026,0.9371534195933456
0.10126123598789026,0.9390018484288355
0.1018339937581092,0.9390018484288355
0.1018339937581092,0.9408502772643254
0.10454582646608455,0.9408502772643254
0.10456920433425676,0.9408502772643254
0.11650360603616557,0.9408502772643254
0.11650360603616557,0.9426987060998152
0.12259354069502403,0.9426987060998152
0.12261691856319622,0.9426987060998152
0.128975698706035,0.9426987060998152
0.1289990765742072,0.9426987060998152
0.13313695924068683,0.9426987060998152
0.13313695924068683,0.944547134935305
0.15477317623405923,0.944547134935305
0.15477317623405923,0.9463955637707948
0.15548620121331136,0.9463955637707948
0.15550957908148355,0.9463955637707948
0.16590104148402707,0.9463955637707948
0.16590104148402707,0.9482439926062847
0.16892847541232714,0.9482439926062847
0.16895185328049936,0.9482439926062847
0.17899264766045983,0.9482439926062847
0.17899264766045983,0.9500924214417745
0.18564365115545114,0.9500924214417745
0.18566702902362334,0.9500924214417745
0.18895161950181763,0.9500924214417745
0.18895161950181763,0.9519408502772643
0.19071664854881884,0.9519408502772643
0.19074002641699103,0.9519408502772643
0.19937814870661943,0.9519408502772643
0.19940152657479165,0.9519408502772643
0.22180921321784666,0.9519408502772643
0.22183259108601885,0.9519408502772643
0.2276069245245526,0.9519408502772643
0.2276069245245526,0.9537892791127541
0.2341644165468551,0.9537892791127541
0.2341644165468551,0.955637707948244
0.23555539970310108,0.955637707948244
0.23557877757127327,0.955637707948244
0.2358242451870814,0.955637707948244
0.23584762305525359,0.955637707948244
0.25345115778892124,0.955637707948244
0.25347453565709344,0.955637707948244
0.25356804712978226,0.955637707948244
0.25359142499795445,0.955637707948244
0.25417587170225947,0.955637707948244
0.25419924957043166,0.955637707948244
0.25737863964185104,0.955637707948244
0.2574020175100233,0.955637707948244
0.26370235298243155,0.955637707948244
0.26372573085060375,0.955637707948244
0.2739067924395974,0.955637707948244
0.2739301703077696,0.955637707948244
0.275017241177777,0.955637707948244
0.2750406190459492,0.955637707948244
0.2773550279949971,0.955637707948244
0.27737840586316936,0.955637707948244
0.28650746338441396,0.955637707948244
0.28653084125258615,0.955637707948244
0.3045785554815256,0.955637707948244
0.3046019333496978,0.955637707948244
0.30641371813304347,0.955637707948244
0.30643709600121566,0.955637707948244
0.3072786992554149,0.955637707948244
0.3073020771235871,0.955637707948244
0.3116036048672722,0.955637707948244
0.3116036048672722,0.9574861367837338
0.31852345384624375,0.9574861367837338
0.31852345384624375,0.9593345656192237
0.3222054680833655,0.9593345656192237
0.32222884595153767,0.9593345656192237
0.32460169957101614,0.9593345656192237
0.32462507743918834,0.9593345656192237
0.3281083797968463,0.9593345656192237
0.3281317576650185,0.9593345656192237
0.3360685439094809,0.9593345656192237
0.33609192177765307,0.9593345656192237
0.3482601021612839,0.9593345656192237
0.34828348002945614,0.9593345656192237
0.34873934845881405,0.9593345656192237
0.34876272632698624,0.9593345656192237
0.35259669670722726,0.9593345656192237
0.35262007457539946,0.9593345656192237
0.35904898832275484,0.9593345656192237
0.35907236619092703,0.9593345656192237
0.3636778062208507,0.9593345656192237
0.3636778062208507,0.9611829944547134
0.3723276174445652,0.9611829944547134
0.3723509953127374,0.9611829944547134
0.3771083914857804,0.9611829944547134
0.3771317693539526,0.9611829944547134
0.3966289114095686,0.9611829944547134
0.39665228927774077,0.9611829944547134
0.3970146462344099,0.9611829944547134
0.3970146462344099,0.9630314232902033
0.4104452314993396,0.9630314232902033
0.4104686093675118,0.9630314232902033
0.4161026755970123,0.9630314232902033
0.4161260534651845,0.9630314232902033
0.42048602587930006,0.9630314232902033
0.42050940374747225,0.9630314232902033
0.42179518649694336,0.9630314232902033
0.42181856436511556,0.9630314232902033
0.42183025329920165,0.9630314232902033
0.42185363116737384,0.9630314232902033
0.42243807787167886,0.9630314232902033
0.4224614557398511,0.9630314232902033
0.4229640799055534,0.9630314232902033
0.4229874577737256,0.9630314232902033
0.42479924255707124,0.9630314232902033
0.42482262042524344,0.9630314232902033
0.4261785367792311,0.9630314232902033
0.4262019146474033,0.9630314232902033
0.42878516908043157,0.9630314232902033
0.42880854694860376,0.9630314232902033
0.4310528222931351,0.9630314232902033
0.43107620016130727,0.9630314232902033
0.4318827366132482,0.9630314232902033
0.43190611448142047,0.9630314232902033
0.43406856728734905,0.9630314232902033
0.43409194515552124,0.9630314232902033
0.4345711914530514,0.9630314232902033
0.4345711914530514,0.9648798521256932
0.43672195532489394,0.9648798521256932
0.43674533319306613,0.9648798521256932
0.4401935687484658,0.9648798521256932
0.4401935687484658,0.966728280961183
0.4428586457200968,0.966728280961183
0.442882023588269,0.966728280961183
0.4454068333508667,0.966728280961183
0.4454302112190389,0.966728280961183
0.44627181447323816,0.966728280961183
0.4462951923414104,0.966728280961183
0.454956692499211,0.966728280961183
0.4549800703673832,0.966728280961183
0.45652300966674847,0.966728280961183
0.4565463875349207,0.966728280961183
0.45713083423922574,0.966728280961183
0.45715421210739793,0.966728280961183
0.45874390714310764,0.966728280961183
0.45876728501127984,0.966728280961183
0.45904781942934625,0.966728280961183
0.45907119729751844,0.966728280961183
0.46215707589624905,0.966728280961183
0.46218045376442124,0.966728280961183
0.46294023448001775,0.966728280961183
0.46296361234818995,0.966728280961183
0.4658274011992846,0.966728280961183
0.46585077906745687,0.966728280961183
0.46635340323315916,0.966728280961183
0.46637678110133135,0.966728280961183
0.4669729167397225,0.966728280961183
0.4669962946078947,0.966728280961183
0.4670196724760669,0.966728280961183
0.4670430503442391,0.966728280961183
0.4703276408224334,0.966728280961183
0.4703510186906056,0.966728280961183
0.47487463618192655,0.966728280961183
0.4748980140500988,0.966728280961183
0.47605521852462274,0.966728280961183
0.47607859639279493,0.966728280961183
0.47652277588806674,0.966728280961183
0.476546153756239,0.966728280961183
0.47940994260733366,0.966728280961183
0.47943332047550585,0.966728280961183
0.48336080232843565,0.966728280961183
0.4833841801966079,0.966728280961183
0.48422578345080713,0.966728280961183
0.4842491613189793,0.966728280961183
0.4869493050928686,0.966728280961183
0.4869726829610408,0.966728280961183
0.48734672885179603,0.966728280961183
0.4873701067199682,0.966728280961183
0.4924431041133359,0.966728280961183
0.4924664819815081,0.966728280961183
0.49255999345419693,0.966728280961183
0.4925833713223691,0.966728280961183
0.4993512641582214,0.966728280961183
0.4993746420263936,0.966728280961183
0.4994447756309102,0.966728280961183
0.4994447756309102,0.9685767097966729
0.5054879545534243,0.9685767097966729
0.5055113324215965,0.9685767097966729
0.5059905787191266,0.9685767097966729
0.5060139565872988,0.9685767097966729
0.5074750733480614,0.9685767097966729
0.5074984512162336,0.9685767097966729
0.5097777933630232,0.9685767097966729
0.5098011712311954,0.9685767097966729
0.5099180605720565,0.9685767097966729
0.5099648163084008,0.9685767097966729
0.5116480228167993,0.9685767097966729
0.5116714006849715,0.9685767097966729
0.5123376699278793,0.9685767097966729
0.5123610477960515,0.9685767097966729
0.5136117637432642,0.9685767097966729
0.5136351416114364,0.9685767097966729
0.516136573505862,0.9685767097966729
0.5161599513740343,0.9685767097966729
0.5212913934378324,0.9685767097966729
0.5213147713060046,0.9685767097966729
0.5214082827786934,0.9685767097966729
0.5214316606468656,0.9685767097966729
0.5277319961192739,0.9685767097966729
0.5277553739874461,0.9685767097966729
0.5283398206917511,0.9685767097966729
0.5283631985599233,0.9685767097966729
0.5296723591775666,0.9685767097966729
0.5296957370457388,0.9685767097966729
0.5324192586878003,0.9685767097966729
0.5324192586878003,0.9704251386321626
0.5335180184918937,0.9704251386321626
0.5335180184918937,0.9722735674676525
0.5340673983939405,0.9722735674676525
0.5340907762621127,0.9722735674676525
0.5359726946499749,0.9722735674676525
0.5359960725181471,0.9722735674676525
0.5419574289020584,0.9722735674676525
0.5419808067702306,0.9722735674676525
0.5500578602237262,0.9722735674676525
0.5500812380918984,0.9722735674676525
0.5523372023705159,0.9722735674676525
0.5523605802386881,0.9722735674676525
0.5542308096924642,0.9722735674676525
0.5542541875606364,0.9722735674676525
0.5552126801556966,0.9722735674676525
0.5552360580238688,0.9722735674676525
0.5601804771422894,0.9722735674676525
0.5602038550104615,0.9722735674676525
0.5622844852777875,0.9722735674676525
0.5623078631459597,0.9722735674676525
0.574522799265935,0.9722735674676525
0.5745461771341072,0.9722735674676525
0.5754228471905647,0.9722735674676525
0.5754462250587369,0.9722735674676525
0.5766969410059497,0.9722735674676525
0.5767203188741219,0.9722735674676525
0.5771060536989632,0.9722735674676525
0.5771294315671354,0.9722735674676525
0.5829388318079274,0.9722735674676525
0.5829622096760997,0.9722735674676525
0.5846454161844982,0.9722735674676525
0.5846687940526704,0.9722735674676525
0.5860013325384859,0.9722735674676525
0.586024710406658,0.9722735674676525
0.5882105410807589,0.9722735674676525
0.5882339189489311,0.9722735674676525
0.5892274783462496,0.9722735674676525
0.5892508562144219,0.9722735674676525
0.5908405512501315,0.9722735674676525
0.5908639291183037,0.9722735674676525
0.5917289102406752,0.9722735674676525
0.5917522881088474,0.9722735674676525
0.5980760014494279,0.9722735674676525
0.5980993793176,0.9722735674676525
0.5993384063307267,0.9722735674676525
0.5993617841988989,0.9722735674676525
0.5998994751668595,0.9722735674676525
0.5999228530350318,0.9722735674676525
0.6017346378183773,0.9722735674676525
0.6017580156865495,0.9722735674676525
0.605989409825718,0.9722735674676525
0.605989409825718,0.9741219963031423
0.6096597351287536,0.9741219963031423
0.6096831129969258,0.9741219963031423
0.6101389814262838,0.9741219963031423
0.610162359294456,0.9741219963031423
0.6108403174714497,0.9741219963031423
0.6108636953396219,0.9741219963031423
0.6121261002209208,0.9741219963031423
0.612149478089093,0.9741219963031423
0.6126754801229676,0.9741219963031423
0.6126988579911398,0.9741219963031423
0.613411882970392,0.9741219963031423
0.6134352608385641,0.9741219963031423
0.6158665591284731,0.9741219963031423
0.6158899369966453,0.9741219963031423
0.6168834963939638,0.9741219963031423
0.6168834963939638,0.9759704251386322
0.6214421806875431,0.9759704251386322
0.6214655585557153,0.9759704251386322
0.6228097859756169,0.9759704251386322
0.6228331638437891,0.9759704251386322
0.622938364250564,0.9759704251386322
0.6229617421187362,0.9759704251386322
0.6302907037907213,0.9759704251386322
0.6303140816588936,0.9759704251386322
0.6303374595270658,0.9759704251386322
0.630360837395238,0.9759704251386322
0.6322661336512724,0.9759704251386322
0.6322895115194446,0.9759704251386322
0.6333298266531076,0.9759704251386322
0.6333532045212797,0.9759704251386322
0.633610361071174,0.9759704251386322
0.6336337389393462,0.9759704251386322
0.639069093289383,0.9759704251386322
0.6390924711575552,0.9759704251386322
0.6399457633458405,0.9759704251386322
0.6399691412140127,0.9759704251386322
0.6406938551273509,0.9759704251386322
0.6407172329955232,0.9759704251386322
0.6412198571612254,0.9759704251386322
0.6412198571612254,0.977818853974122
0.6445628923098503,0.977818853974122
0.6445862701780225,0.977818853974122
0.6487942864490187,0.977818853974122
0.6488176643171909,0.977818853974122
0.6502554032097813,0.977818853974122
0.6502554032097813,0.9796672828096118
0.6515762527615107,0.9796672828096118
0.6515996306296828,0.9796672828096118
0.6522191441362463,0.9796672828096118
0.6522658998725906,0.9796672828096118
0.6531659477972204,0.9796672828096118
0.6531893256653926,0.9796672828096118
0.653247770335823,0.9796672828096118
0.653247770335823,0.9815157116451017
0.6552933338008907,0.9815157116451017
0.6553167116690629,0.9815157116451017
0.6558660915711096,0.9815157116451017
0.6558894694392818,0.9815157116451017
0.6573856530023027,0.9815157116451017
0.657409030870475,0.9815157116451017
0.6575843648817664,0.9815157116451017
0.6576077427499386,0.9815157116451017
0.6583558345314491,0.9815157116451017
0.6583792123996213,0.9815157116451017
0.6596649951490924,0.9815157116451017
0.6596883730172646,0.9815157116451017
0.6599221516989866,0.9815157116451017
0.6599455295671588,0.9815157116451017
0.660787132821358,0.9815157116451017
0.6608105106895302,0.9815157116451017
0.6612897569870604,0.9815157116451017
0.6613131348552326,0.9815157116451017
0.6619910930322264,0.9815157116451017
0.6620144709003986,0.9815157116451017
0.6624937171979287,0.9815157116451017
0.6625170950661009,0.9815157116451017
0.6634989655293334,0.9815157116451017
0.6635223433975056,0.9815157116451017
0.66473799254246,0.9815157116451017
0.6647613704106322,0.9815157116451017
0.6656263515330038,0.9815157116451017
0.665649729401176,0.9815157116451017
0.6660237752919311,0.9815157116451017
0.6660471531601033,0.9815157116451017
0.6664913326553752,0.9815157116451017
0.6665147105235474,0.9815157116451017
0.6668536896120443,0.9815157116451017
0.6668770674802165,0.9815157116451017
0.6674615141845215,0.9815157116451017
0.6674848920526937,0.9815157116451017
0.6688057416044231,0.9815157116451017
0.6688291194725953,0.9815157116451017
0.6715058853783124,0.9815157116451017
0.6715292632464845,0.9815157116451017
0.6723474886325116,0.9815157116451017
0.6723708665006838,0.9815157116451017
0.672628023050578,0.9815157116451017
0.6726514009187502,0.9815157116451017
0.6738787389977908,0.9815157116451017
0.6738787389977908,0.9833641404805915
0.6740073172727379,0.9833641404805915
0.6740306951409101,0.9833641404805915
0.6750826992086592,0.9833641404805915
0.6751060770768313,0.9833641404805915
0.6767659057170576,0.9833641404805915
0.6767892835852298,0.9833641404805915
0.6798167175135299,0.9833641404805915
0.6798400953817021,0.9833641404805915
0.6820609928580613,0.9833641404805915
0.6820609928580613,0.9852125693160814
0.68470269196152,0.9852125693160814
0.6847260698296922,0.9852125693160814
0.6849014038409837,0.9852125693160814
0.6849247817091559,0.9852125693160814
0.6850066042477586,0.9852125693160814
0.6850299821159308,0.9852125693160814
0.6885249734076749,0.9852125693160814
0.6885483512758471,0.9852125693160814
0.6898458229594043,0.9852125693160814
0.6898692008275765,0.9852125693160814
0.6911783614452198,0.9852125693160814
0.691201739313392,0.9852125693160814
0.6938785052191091,0.9852125693160814
0.6939018830872813,0.9852125693160814
0.6943226847143809,0.9852125693160814
0.694346062582553,0.9852125693160814
0.6943577515166391,0.9852125693160814
0.6943811293848114,0.9852125693160814
0.6944980187256724,0.9852125693160814
0.6945213965938446,0.9852125693160814
0.695035709693633,0.9852125693160814
0.6950590875618052,0.9852125693160814
0.6980748325560192,0.9852125693160814
0.6980982104241914,0.9852125693160814
0.7007983541980807,0.9852125693160814
0.7008217320662529,0.9852125693160814
0.7030192516744398,0.9852125693160814
0.703042629542612,0.9852125693160814
0.7041881450830498,0.9852125693160814
0.704211522951222,0.9852125693160814
0.7059882409323094,0.9852125693160814
0.7060116188004816,0.9852125693160814
0.7065609987025283,0.9852125693160814
0.7065843765707005,0.9852125693160814
0.7085598064312515,0.9852125693160814
0.7085831842994237,0.9852125693160814
0.7122651985365455,0.9852125693160814
0.7122885764047177,0.9852125693160814
0.7128145784385922,0.9852125693160814
0.7128379563067644,0.9852125693160814
0.7159238349054949,0.9852125693160814
0.7159472127736671,0.9852125693160814
0.7161809914553892,0.9852125693160814
0.7162043693235614,0.9852125693160814
0.716847260698297,0.9852125693160814
0.7168706385664692,0.9852125693160814
0.7246204018655539,0.9852125693160814
0.7246437797337261,0.9852125693160814
0.7262100969012636,0.9852125693160814
0.7262334747694358,0.9852125693160814
0.7270166333532045,0.9852125693160814
0.7270400112213767,0.9852125693160814
0.7290154410819277,0.9852125693160814
0.7290154410819277,0.9870609981515711
0.7312714053605451,0.9870609981515711
0.7312947832287173,0.9870609981515711
0.732884478264427,0.9870609981515711
0.7329078561325992,0.9870609981515711
0.7331299458802352,0.9870609981515711
0.7331533237484074,0.9870609981515711
0.7370223609309067,0.9870609981515711
0.7370457387990789,0.9870609981515711
0.7371976949421982,0.9870609981515711
0.7372210728103704,0.9870609981515711
0.7380743649986558,0.9870609981515711
0.7380977428668279,0.9870609981515711
0.7390913022641465,0.9870609981515711
0.7391146801323187,0.9870609981515711
0.7420369136538439,0.9870609981515711
0.7420602915220161,0.9870609981515711
0.7423525148741686,0.9870609981515711
0.7423758927423408,0.9870609981515711
0.7440824771189115,0.9870609981515711
0.7441058549870837,0.9870609981515711
0.7461864852544097,0.9870609981515711
0.7462098631225819,0.9870609981515711
0.7465955979474231,0.9870609981515711
0.7466189758155953,0.9870609981515711
0.7475073348061391,0.9870609981515711
0.7475307126743113,0.9870609981515711
0.7493541863917429,0.9870609981515711
0.7493775642599151,0.9870609981515711
0.7500204556346507,0.9870609981515711
0.7500438335028229,0.9870609981515711
0.7501256560414256,0.9870609981515711
0.7501490339095978,0.9870609981515711
0.7513529941204662,0.9870609981515711
0.7513763719886384,0.9870609981515711
0.7547778518076936,0.9870609981515711
0.7548012296758658,0.9870609981515711
0.7555843882596346,0.9870609981515711
0.7556077661278068,0.9870609981515711
0.7558298558754427,0.9870609981515711
0.7558532337436149,0.9870609981515711
0.7566597701955559,0.9870609981515711
0.756683148063728,0.9870609981515711
0.7588222230014845,0.9870609981515711
0.7588456008696567,0.9870609981515711
0.7589391123423455,0.9870609981515711
0.7589624902105176,0.9870609981515711
0.759114446353637,0.9870609981515711
0.7591378242218092,0.9870609981515711
0.7601430725532139,0.9870609981515711
0.7601664504213861,0.9870609981515711
0.7607275192575189,0.9870609981515711
0.7607508971256911,0.9870609981515711
0.7612768991595656,0.9870609981515711
0.76132365489591,0.9870609981515711
0.7616626339844069,0.9870609981515711
0.7616860118525791,0.9870609981515711
0.7639653539993688,0.9870609981515711
0.7639653539993688,0.988909426987061
0.7659875395962642,0.988909426987061
0.7660109174644364,0.988909426987061
0.7684655936225175,0.988909426987061
0.7684889714906897,0.988909426987061
0.7693539526130612,0.988909426987061
0.7693773304812335,0.988909426987061
0.7702072448013466,0.988909426987061
0.7702306226695188,0.988909426987061
0.7713176935395262,0.988909426987061
0.7713410714076984,0.988909426987061
0.7713644492758706,0.988909426987061
0.7713878271440427,0.988909426987061
0.7736321024885741,0.988909426987061
0.7736554803567463,0.988909426987061
0.7739593926429849,0.988909426987061
0.773982770511157,0.988909426987061
0.7758179331626749,0.988909426987061
0.7758413110308471,0.988909426987061
0.7760166450421386,0.988909426987061
0.7760400229103108,0.988909426987061
0.7761335343829996,0.988909426987061
0.7761569122511718,0.988909426987061
0.7772556720552652,0.988909426987061
0.7772790499234374,0.988909426987061
0.7795700810043132,0.988909426987061
0.7795934588724854,0.988909426987061
0.7813701768535727,0.988909426987061
0.7813935547217449,0.988909426987061
0.7815571997989503,0.988909426987061
0.7815805776671225,0.988909426987061
0.7827728489439048,0.988909426987061
0.7827962268120771,0.988909426987061
0.7836378300662763,0.988909426987061
0.7836612079344485,0.988909426987061
0.7876471344578088,0.988909426987061
0.787670512325981,0.988909426987061
0.7912473261563278,0.988909426987061
0.7912707040245001,0.988909426987061
0.7913057708267583,0.988909426987061
0.7913291486949305,0.988909426987061
0.7930941777419317,0.988909426987061
0.7931175556101039,0.988909426987061
0.7947656953162441,0.988909426987061
0.7947890731844163,0.988909426987061
0.7960397891316291,0.988909426987061
0.7960631669998013,0.988909426987061
0.7976177952332527,0.988909426987061
0.7976411731014249,0.988909426987061
0.7982723755420743,0.988909426987061
0.7982957534102465,0.988909426987061
0.7990789119940153,0.988909426987061
0.7991022898621875,0.988909426987061
0.7994997136211149,0.988909426987061
0.7995230914892871,0.988909426987061
0.7996049140278898,0.988909426987061
0.799628291896062,0.988909426987061
0.8002945611389697,0.988909426987061
0.800317939007142,0.988909426987061
0.8021180348564014,0.988909426987061
0.8021180348564014,0.9907578558225508
0.8023167467358652,0.9907578558225508
0.8023401246040374,0.9907578558225508
0.8035090180126474,0.9907578558225508
0.8035323958808196,0.9907578558225508
0.8046545335530852,0.9907578558225508
0.8046779114212574,0.9907578558225508
0.8051337798506154,0.9907578558225508
0.8051571577187876,0.9907578558225508
0.8057416044230926,0.9907578558225508
0.8057649822912648,0.9907578558225508
0.807752101085902,0.9907578558225508
0.8077754789540742,0.9907578558225508
0.8083014809879487,0.9907578558225508
0.8083248588561209,0.9907578558225508
0.808453437131068,0.9907578558225508
0.8084768149992402,0.9907578558225508
0.8087690383513927,0.9907578558225508
0.808792416219565,0.9907578558225508
0.8096340194737642,0.9907578558225508
0.8096573973419364,0.9907578558225508
0.8103704223211885,0.9907578558225508
0.8103938001893607,0.9907578558225508
0.8106509567392549,0.9907578558225508
0.8106743346074271,0.9907578558225508
0.8109198022232352,0.9907578558225508
0.8109431800914074,0.9907578558225508
0.8142862152400323,0.9907578558225508
0.8143095931082045,0.9907578558225508
0.8167292024640274,0.9907578558225508
0.8167525803321996,0.9907578558225508
0.8169629811457493,0.9907578558225508
0.8169863590139215,0.9907578558225508
0.8197683253264135,0.9907578558225508
0.8197917031945857,0.9907578558225508
0.8199670372058772,0.9907578558225508
0.8199904150740494,0.9907578558225508
0.8234737174317074,0.9907578558225508
0.8234970952998796,0.9907578558225508
0.8279856459889423,0.9907578558225508
0.8280090238571145,0.9907578558225508
0.8286285373636778,0.9907578558225508
0.82865191523185,0.9907578558225508
0.82934156234293,0.9907578558225508
0.8293649402111022,0.9907578558225508
0.8307559233673482,0.9907578558225508
0.8307793012355204,0.9907578558225508
0.8310598356535868,0.9907578558225508
0.831083213521759,0.9907578558225508
0.8321819733258524,0.9907578558225508
0.8322053511940246,0.9907578558225508
0.8322287290621968,0.9907578558225508
0.832252106930369,0.9907578558225508
0.8333859335367207,0.9907578558225508
0.8334093114048929,0.9907578558225508
0.8336664679547872,0.9907578558225508
0.8336898458229594,0.9907578558225508
0.8355366974085633,0.9907578558225508
0.8355600752767355,0.9907578558225508
0.8356185199471661,0.9907578558225508
0.8356418978153383,0.9907578558225508
0.8359458101015769,0.9907578558225508
0.8359691879697491,0.9907578558225508
0.8388095989526715,0.9907578558225508
0.8388329768208437,0.9907578558225508
0.8389498661617047,0.9907578558225508
0.8389732440298769,0.9907578558225508
0.839557690734182,0.9907578558225508
0.8395810686023542,0.9907578558225508
0.840142137438487,0.9907578558225508
0.8401655153066592,0.9907578558225508
0.8421409451672102,0.9907578558225508
0.8421643230353824,0.9907578558225508
0.8435669951257145,0.9907578558225508
0.8435903729938867,0.9907578558225508
0.8438709074119531,0.9907578558225508
0.8438942852801253,0.9907578558225508
0.8439877967528141,0.9907578558225508
0.8440111746209863,0.9907578558225508
0.845951537679279,0.9907578558225508
0.8459749155474512,0.9907578558225508
0.8461385606246566,0.9907578558225508
0.8461619384928288,0.9907578558225508
0.8470152306811142,0.9907578558225508
0.8470386085492864,0.9907578558225508
0.8496101740482286,0.9907578558225508
0.8496335519164008,0.9907578558225508
0.8499257752685533,0.9907578558225508
0.8499491531367255,0.9907578558225508
0.8507907563909247,0.9907578558225508
0.8508141342590969,0.9907578558225508
0.8510479129408189,0.9907578558225508
0.8510946686771633,0.9907578558225508
0.8512349358861966,0.9907578558225508
0.8512583137543688,0.9907578558225508
0.8538181903192248,0.9907578558225508
0.853841568187397,0.9907578558225508
0.8546831714415962,0.9907578558225508
0.8547065493097684,0.9907578558225508
0.8551741066732125,0.9907578558225508
0.8551974845413847,0.9907578558225508
0.8578742504471017,0.9907578558225508
0.8578976283152739,0.9907578558225508
0.8602003483302357,0.9907578558225508
0.8602003483302357,0.9926062846580407
0.861275730266157,0.9926062846580407
0.8612991081343292,0.9926062846580407
0.8616380872228262,0.9926062846580407
0.8616614650909984,0.9926062846580407
0.8621757781907868,0.9926062846580407
0.862199156058959,0.9926062846580407
0.8628303584996084,0.9926062846580407
0.8628537363677806,0.9926062846580407
0.8632979158630525,0.9926062846580407
0.8633212937312247,0.9926062846580407
0.8681722013769564,0.9926062846580407
0.8681955792451287,0.9926062846580407
0.869165760774275,0.9926062846580407
0.8691891386424472,0.9926062846580407
0.8706268775350375,0.9926062846580407
0.8706502554032097,0.9926062846580407
0.871374969316548,0.9926062846580407
0.8713983471847202,0.9926062846580407
0.8716671926687005,0.9926062846580407
0.8716905705368727,0.9926062846580407
0.872765952472794,0.9926062846580407
0.8727893303409662,0.9926062846580407
0.874168624563126,0.9926062846580407
0.8741920024312982,0.9926062846580407
0.8751388060922725,0.9926062846580407
0.8751621839604447,0.9926062846580407
0.8753842737080806,0.9926062846580407
0.8754076515762528,0.9926062846580407
0.8762024990941076,0.9926062846580407
0.8762258769622798,0.9926062846580407
0.8778623277343339,0.9926062846580407
0.8778857056025061,0.9926062846580407
0.8805858493763954,0.9926062846580407
0.8806092272445676,0.9926062846580407
0.8816495423782306,0.9926062846580407
0.8816729202464028,0.9926062846580407
0.8824210120279131,0.9926062846580407
0.8824443898960854,0.9926062846580407
0.8860679594627766,0.9926062846580407
0.8860913373309488,0.9926062846580407
0.8881836565323609,0.9926062846580407
0.8882070344005331,0.9926062846580407
0.8906032658881836,0.9926062846580407
0.8906266437563558,0.9926062846580407
0.8920526937148602,0.9926062846580407
0.8920760715830324,0.9926062846580407
0.8933852322006757,0.9926062846580407
0.8934086100688479,0.9926062846580407
0.8945775034774579,0.9926062846580407
0.8946008813456301,0.9926062846580407
0.8968100898879031,0.9926062846580407
0.8968334677560753,0.9926062846580407
0.8968685345583336,0.9926062846580407
0.8968919124265058,0.9926062846580407
0.89783871608748,0.9926062846580407
0.8978620939556522,0.9926062846580407
0.8985634300008182,0.9926062846580407
0.8985868078689905,0.9926062846580407
0.8989374758915735,0.9926062846580407
0.8989725426938318,0.9926062846580407
0.8993816553868452,0.9926062846580407
0.8994050332550175,0.9926062846580407
0.9019181540835292,0.9926062846580407
0.9019415319517013,0.9926062846580407
0.9020701102266484,0.9926062846580407
0.9020934880948206,0.9926062846580407
0.9027480684036423,0.9926062846580407
0.9027714462718145,0.9926062846580407
0.9034026487124639,0.9926062846580407
0.9034026487124639,0.9944547134935305
0.9046066089233323,0.9944547134935305
0.9046299867915045,0.9944547134935305
0.9056001683206508,0.9944547134935305
0.905623546188823,0.9944547134935305
0.9061261703545254,0.9944547134935305
0.9061495482226976,0.9944547134935305
0.9093756940304614,0.9944547134935305
0.9093990718986336,0.9944547134935305
0.9097029841848722,0.9944547134935305
0.9097263620530444,0.9944547134935305
0.9104393870322965,0.9944547134935305
0.9104627649004687,0.9944547134935305
0.9126719734427418,0.9944547134935305
0.912695351310914,0.9944547134935305
0.9129057521244638,0.9944547134935305
0.912929129992636,0.9944547134935305
0.9138525557854379,0.9944547134935305
0.9138759336536101,0.9944547134935305
0.9144837582260874,0.9944547134935305
0.9145071360942596,0.9944547134935305
0.9151149606667368,0.9944547134935305
0.9151149606667368,0.9963031423290203
0.9156760295028696,0.9963031423290203
0.9156994073710418,0.9963031423290203
0.9171020794613739,0.9963031423290203
0.9171254573295461,0.9963031423290203
0.9184112400790172,0.9963031423290203
0.9184346179471894,0.9963031423290203
0.9189021753106335,0.9963031423290203
0.9189255531788056,0.9963031423290203
0.9197204006966605,0.9963031423290203
0.9197437785648327,0.9963031423290203
0.9203866699395682,0.9963031423290203
0.9204100478077404,0.9963031423290203
0.9206672043576346,0.9963031423290203
0.9206905822258068,0.9963031423290203
0.9211347617210787,0.9963031423290203
0.9211581395892509,0.9963031423290203
0.9226192563500134,0.9963031423290203
0.9226426342181856,0.9963031423290203
0.9245829972764784,0.9963031423290203
0.9246063751446506,0.9963031423290203
0.9274234082594008,0.9963031423290203
0.927446786127573,0.9963031423290203
0.9287793246133885,0.9963031423290203
0.9288027024815607,0.9963031423290203
0.9289780364928523,0.9963031423290203
0.9290014143610245,0.9963031423290203
0.9304157753854426,0.9963031423290203
0.9304391532536148,0.9963031423290203
0.9325548503231991,0.9963031423290203
0.9325782281913713,0.9963031423290203
0.9354420170424659,0.9963031423290203
0.9354653949106381,0.9963031423290203
0.936038152680857,0.9963031423290203
0.9360615305490292,0.9963031423290203
0.9389486972682961,0.9963031423290203
0.9389720751364683,0.9963031423290203
0.9398955009292702,0.9963031423290203
0.9399188787974425,0.9963031423290203
0.9425021332304707,0.9963031423290203
0.9425255110986429,0.9963031423290203
0.9432852918142395,0.9963031423290203
0.9433086696824117,0.9963031423290203
0.9439866278594055,0.9963031423290203
0.9440100057275777,0.9963031423290203
0.950193451859125,0.9963031423290203
0.9502168297272972,0.9963031423290203
0.9540040443711938,0.9963031423290203
0.954027422239366,0.9963031423290203
0.9544599128005518,0.9963031423290203
0.954483290668724,0.9963031423290203
0.9553365828570093,0.9963031423290203
0.9553599607251815,0.9963031423290203
0.9558392070227116,0.9963031423290203
0.9558625848908838,0.9963031423290203
0.9571249897721826,0.9963031423290203
0.9571483676403548,0.9963031423290203
0.9576393028719711,0.9963031423290203
0.9576626807401433,0.9963031423290203
0.957744503278746,0.9963031423290203
0.9577678811469182,0.9963031423290203
0.9601524237004827,0.9963031423290203
0.960175801568655,0.9963031423290203
0.9611927388341457,0.9963031423290203
0.9612161167023179,0.9963031423290203
0.9615317179226426,0.9963031423290203
0.9615550957908149,0.9963031423290203
0.9616018515271593,0.9963031423290203
0.9616252293953315,0.9963031423290203
0.9622914986382392,0.9963031423290203
0.9623148765064113,0.9963031423290203
0.9626421666608223,0.9963031423290203
0.9626655445289944,0.9963031423290203
0.9671190284157988,0.9963031423290203
0.967142406283971,0.9963031423290203
0.9710348213346425,0.9963031423290203
0.9710581992028147,0.9963031423290203
0.9739102991198233,0.9963031423290203
0.9739336769879955,0.9963031423290203
0.9750675035943472,0.9963031423290203
0.9750675035943472,0.9981515711645101
0.9806898808897616,0.9981515711645101
0.9807132587579339,0.9981515711645101
0.9808184591647088,0.9981515711645101
0.980841837032881,0.9981515711645101
0.9831211791796706,0.9981515711645101
0.9831445570478428,0.9981515711645101
0.9883461327161576,0.9981515711645101
0.9883695105843299,0.9981515711645101
0.9902280511040198,0.9981515711645101
0.9902280511040198,1.0
0.9919346354805906,1.0
0.9919580133487628,1.0
0.9929048170097369,1.0
0.9929281948779091,1.0
0.9940737104183469,1.0
0.9940970882865191,1.0
0.9941672218910358,1.0
0.994190599759208,1.0
0.9949270026066322,1.0
0.9949503804748046,1.0
0.9954530046405068,1.0
0.995476382508679,1.0
0.9959205620039508,1.0
0.995943939872123,1.0
0.9975803906441771,1.0
0.9976037685123493,1.0
0.9993337307570923,1.0
0.9993571086252645,1.0
1.0,1.0
