precision;recall;thresh
0,0;0,0;0,9780229926109314
0,0;0,0;0,9780048727989197
0,0;0,0;0,9779996275901794
0,0;0,0;0,9779708981513977
0,0;0,0;0,9779572486877441
0,0;0,0;0,9779506921768188
0,14285714285714285;0,01;0,9779415726661682
0,125;0,01;0,9779415726661682
0,1111111111111111;0,01;0,9779415726661682
0,1;0,01;0,9779415726661682
0,09090909090909091;0,01;0,9779415726661682
0,08333333333333333;0,01;0,9779415726661682
0,07692307692307693;0,01;0,9779415726661682
0,07142857142857142;0,01;0,9779389500617981
0,06666666666666667;0,01;0,9779389500617981
0,0625;0,01;0,9779271483421326
0,058823529411764705;0,01;0,9779175519943237
0,05555555555555555;0,01;0,9778915643692017
0,05263157894736842;0,01;0,9778882265090942
0,05;0,01;0,9778836965560913
0,047619047619047616;0,01;0,977863609790802
0,045454545454545456;0,01;0,9778515696525574
0,043478260869565216;0,01;0,9778515696525574
0,041666666666666664;0,01;0,9778497219085693
0,04;0,01;0,9778497219085693
0,038461538461538464;0,01;0,9778463840484619
0,037037037037037035;0,01;0,9778463840484619
0,03571428571428571;0,01;0,9778463840484619
0,034482758620689655;0,01;0,9778451323509216
0,03333333333333333;0,01;0,9778433442115784
0,03225806451612903;0,01;0,9778433442115784
0,0625;0,02;0,9778412580490112
0,06060606060606061;0,02;0,9778352379798889
0,08823529411764706;0,03;0,9778352379798889
0,08571428571428572;0,03;0,9778352379798889
0,08333333333333333;0,03;0,9778352379798889
0,08108108108108109;0,03;0,9778256416320801
0,07894736842105263;0,03;0,9778171181678772
0,07692307692307693;0,03;0,9778171181678772
0,075;0,03;0,9778171181678772
0,07317073170731707;0,03;0,9778155088424683
0,07142857142857142;0,03;0,9778155088424683
0,06976744186046512;0,03;0,9778065085411072
0,06818181818181818;0,03;0,9778053760528564
0,06666666666666667;0,03;0,9778004884719849
0,06521739130434782;0,03;0,9777957797050476
0,06382978723404255;0,03;0,9777957797050476
0,0625;0,03;0,9777933955192566
0,061224489795918366;0,03;0,9777845144271851
0,06;0,03;0,9777741432189941
0,0784313725490196;0,04;0,9777736067771912
0,07692307692307693;0,04;0,9777724146842957
0,07547169811320754;0,04;0,9777716398239136
0,07407407407407407;0,04;0,9777662754058838
0,07272727272727272;0,04;0,9777606129646301
0,08928571428571429;0,05;0,9777365326881409
0,08771929824561403;0,05;0,9777244925498962
0,08620689655172414;0,05;0,9777244925498962
0,0847457627118644;0,05;0,9776989221572876
0,08333333333333333;0,05;0,9776870608329773
0,08196721311475409;0,05;0,9776853919029236
0,08064516129032258;0,05;0,9776853919029236
0,07936507936507936;0,05;0,9776853919029236
0,078125;0,05;0,9776604175567627
0,07692307692307693;0,05;0,9776596426963806
0,07575757575757576;0,05;0,9776192903518677
0,08955223880597014;0,06;0,977599561214447
0,08823529411764706;0,06;0,9775909185409546
0,08695652173913043;0,06;0,9775894284248352
0,08571428571428572;0,06;0,9775805473327637
0,08450704225352113;0,06;0,9775704145431519
0,08333333333333333;0,06;0,9775511622428894
0,0821917808219178;0,06;0,9775511622428894
0,08108108108108109;0,06;0,9775468111038208
0,08;0,06;0,9775430560112
0,09210526315789473;0,07;0,9775363802909851
0,09090909090909091;0,07;0,9774965047836304
0,08974358974358974;0,07;0,9774961471557617
0,08860759493670886;0,07;0,977486252784729
0,0875;0,07;0,9774100184440613
0,08641975308641975;0,07;0,9773988723754883
0,08536585365853659;0,07;0,9773855805397034
0,08433734939759036;0,07;0,9773628115653992
0,08333333333333333;0,07;0,9773094058036804
0,08235294117647059;0,07;0,9772847890853882
0,08139534883720931;0,07;0,9772673845291138
0,08045977011494253;0,07;0,9772212505340576
0,07954545454545454;0,07;0,9771938323974609
0,07865168539325842;0,07;0,9771470427513123
0,07777777777777778;0,07;0,9770859479904175
0,07692307692307693;0,07;0,9770655632019043
0,07608695652173914;0,07;0,9770408272743225
0,07526881720430108;0,07;0,9770408272743225
0,07446808510638298;0,07;0,9770360589027405
0,07368421052631578;0,07;0,9770307540893555
0,07291666666666667;0,07;0,9770307540893555
0,08247422680412371;0,08;0,9770307540893555
0,08163265306122448;0,08;0,9770307540893555
0,08080808080808081;0,08;0,9770307540893555
0,08;0,08;0,9770307540893555
0,07920792079207921;0,08;0,9770307540893555
0,0784313725490196;0,08;0,9770282506942749
0,07766990291262135;0,08;0,9769864678382874
0,07692307692307693;0,08;0,9769784808158875
0,0761904761904762;0,08;0,9769784808158875
0,07547169811320754;0,08;0,9769774675369263
0,07476635514018691;0,08;0,9769681692123413
0,07407407407407407;0,08;0,9769672155380249
0,07339449541284404;0,08;0,9769640564918518
0,07272727272727272;0,08;0,9769619107246399
0,07207207207207207;0,08;0,976945161819458
0,07142857142857142;0,08;0,976945161819458
0,07079646017699115;0,08;0,976945161819458
0,07017543859649122;0,08;0,976945161819458
0,06956521739130435;0,08;0,976945161819458
0,06896551724137931;0,08;0,9769247770309448
0,06837606837606838;0,08;0,9769144654273987
0,06779661016949153;0,08;0,97690349817276
0,06722689075630252;0,08;0,9768753051757812
0,06666666666666667;0,08;0,9768176078796387
0,06611570247933884;0,08;0,9768097996711731
0,06557377049180328;0,08;0,9768072962760925
0,06504065040650407;0,08;0,9767994284629822
0,06451612903225806;0,08;0,9767435789108276
0,064;0,08;0,9767158627510071
0,06349206349206349;0,08;0,9767158627510071
0,06299212598425197;0,08;0,9767158627510071
0,0625;0,08;0,9767158627510071
0,06201550387596899;0,08;0,9766984581947327
0,06153846153846154;0,08;0,9766741991043091
0,061068702290076333;0,08;0,9765376448631287
0,06060606060606061;0,08;0,9765351414680481
0,06015037593984962;0,08;0,9765218496322632
0,05970149253731343;0,08;0,9764822125434875
0,05925925925925926;0,08;0,9764348268508911
0,058823529411764705;0,08;0,976430356502533
0,058394160583941604;0,08;0,9764302372932434
0,057971014492753624;0,08;0,9764302372932434
0,05755395683453238;0,08;0,9764302372932434
0,05714285714285714;0,08;0,9764302372932434
0,05673758865248227;0,08;0,9763511419296265
0,056338028169014086;0,08;0,9763410687446594
0,055944055944055944;0,08;0,9763410687446594
0,0625;0,09;0,9763410687446594
0,06206896551724138;0,09;0,9763410687446594
0,06164383561643835;0,09;0,9763394594192505
0,061224489795918366;0,09;0,9763315916061401
0,060810810810810814;0,09;0,9763258099555969
0,06040268456375839;0,09;0,9763205647468567
0,06;0,09;0,9763071537017822
0,059602649006622516;0,09;0,9762742519378662
0,05921052631578947;0,09;0,9762430787086487
0,058823529411764705;0,09;0,9762402772903442
0,05844155844155844;0,09;0,9762402772903442
0,06451612903225806;0,1;0,9762402772903442
0,0641025641025641;0,1;0,9762236475944519
0,06369426751592357;0,1;0,9762154817581177
0,06962025316455696;0,11;0,9761717319488525
0,06918238993710692;0,11;0,976164698600769
0,06875;0,11;0,9761229157447815
0,06832298136645963;0,11;0,9761157631874084
0,06790123456790123;0,11;0,9760806560516357
0,06748466257668712;0,11;0,9760772585868835
0,06707317073170732;0,11;0,9760560393333435
0,06666666666666667;0,11;0,9760560393333435
0,06626506024096386;0,11;0,9760560393333435
0,0658682634730539;0,11;0,9760560393333435
0,06547619047619048;0,11;0,9760520458221436
0,0650887573964497;0,11;0,9760466814041138
0,06470588235294118;0,11;0,9760441780090332
0,06432748538011696;0,11;0,9760220646858215
0,06395348837209303;0,11;0,975999116897583
0,06358381502890173;0,11;0,9759987592697144
0,06896551724137931;0,12;0,9759144186973572
0,06857142857142857;0,12;0,9759095311164856
0,06818181818181818;0,12;0,975904643535614
0,06779661016949153;0,12;0,9758827090263367
0,06741573033707865;0,12;0,975830078125
0,0670391061452514;0,12;0,9758294820785522
0,06666666666666667;0,12;0,9757965803146362
0,06629834254143646;0,12;0,9756848812103271
0,06593406593406594;0,12;0,9756795763969421
0,06557377049180328;0,12;0,9756411910057068
0,06521739130434782;0,12;0,9755657315254211
0,07027027027027027;0,13;0,9754816889762878
0,06989247311827956;0,13;0,9754816889762878
0,06951871657754011;0,13;0,9754816889762878
0,06914893617021277;0,13;0,9754816889762878
0,06878306878306878;0,13;0,9754816889762878
0,06842105263157895;0,13;0,9754816889762878
0,06806282722513089;0,13;0,9754816889762878
0,06770833333333333;0,13;0,9754531383514404
0,06735751295336788;0,13;0,9754458665847778
0,06701030927835051;0,13;0,9753995537757874
0,06666666666666667;0,13;0,9753512740135193
0,0663265306122449;0,13;0,9753146171569824
0,06598984771573604;0,13;0,9753022789955139
0,06565656565656566;0,13;0,9752992987632751
0,06532663316582915;0,13;0,9752992987632751
0,065;0,13;0,974983274936676
0,06467661691542288;0,13;0,9748630523681641
0,06930693069306931;0,14;0,974862277507782
0,06896551724137931;0,14;0,9748377799987793
0,06862745098039216;0,14;0,9748026728630066
0,06829268292682927;0,14;0,9747387766838074
0,06796116504854369;0,14;0,9747211337089539
0,06763285024154589;0,14;0,9747196435928345
0,0673076923076923;0,14;0,9747196435928345
0,06698564593301436;0,14;0,9747163653373718
0,06666666666666667;0,14;0,9746537804603577
0,07109004739336493;0,15;0,9746298789978027
0,07075471698113207;0,15;0,9746298789978027
0,07042253521126761;0,15;0,9746298789978027
0,07009345794392523;0,15;0,9746071100234985
0,06976744186046512;0,15;0,9745984673500061
0,06944444444444445;0,15;0,9745864868164062
0,06912442396313365;0,15;0,974580705165863
0,06880733944954129;0,15;0,9745555520057678
0,0684931506849315;0,15;0,9745541214942932
0,06818181818181818;0,15;0,9745541214942932
0,06787330316742081;0,15;0,9744756817817688
0,06756756756756757;0,15;0,9744746088981628
0,06726457399103139;0,15;0,9744661450386047
0,07142857142857142;0,16;0,9744490385055542
0,07111111111111111;0,16;0,9744490385055542
0,07079646017699115;0,16;0,9744490385055542
0,07048458149779736;0,16;0,974433422088623
0,07017543859649122;0,16;0,9744039177894592
0,06986899563318777;0,16;0,9743924736976624
0,06956521739130435;0,16;0,9743924736976624
0,06926406926406926;0,16;0,974284291267395
0,06896551724137931;0,16;0,974269449710846
0,06866952789699571;0,16;0,9742612838745117
0,06837606837606838;0,16;0,9742136597633362
0,06808510638297872;0,16;0,9742136597633362
0,06779661016949153;0,16;0,9741979241371155
0,06751054852320675;0,16;0,9741621613502502
0,06722689075630252;0,16;0,974120557308197
0,06694560669456066;0,16;0,974120557308197
0,06666666666666667;0,16;0,974120557308197
0,06639004149377593;0,16;0,974120557308197
0,06611570247933884;0,16;0,974120557308197
0,06584362139917696;0,16;0,9741106033325195
0,06557377049180328;0,16;0,9740438461303711
0,06938775510204082;0,17;0,9740438461303711
0,06910569105691057;0,17;0,9740438461303711
0,06882591093117409;0,17;0,9740438461303711
0,06854838709677419;0,17;0,9740438461303711
0,06827309236947791;0,17;0,9740438461303711
0,068;0,17;0,9740429520606995
0,06772908366533864;0,17;0,9739632606506348
0,06746031746031746;0,17;0,9739137291908264
0,06719367588932806;0,17;0,9737613201141357
0,06692913385826772;0,17;0,9737538695335388
0,06666666666666667;0,17;0,9737407565116882
0,06640625;0,17;0,9737407565116882
0,06614785992217899;0,17;0,9737284183502197
0,06589147286821706;0,17;0,9737030863761902
0,06563706563706563;0,17;0,973696231842041
0,06538461538461539;0,17;0,9736494421958923
0,06513409961685823;0,17;0,9736494421958923
0,0648854961832061;0,17;0,9735958576202393
0,06463878326996197;0,17;0,9735891819000244
0,06439393939393939;0,17;0,9735837578773499
0,06415094339622641;0,17;0,9735080599784851
0,06390977443609022;0,17;0,9734449982643127
0,06367041198501873;0,17;0,9733914732933044
0,06343283582089553;0,17;0,9733696579933167
0,06319702602230483;0,17;0,9733230471611023
0,06296296296296296;0,17;0,9733182787895203
0,06273062730627306;0,17;0,9732977747917175
0,0625;0,17;0,9732851982116699
0,06227106227106227;0,17;0,9732600450515747
0,06204379562043796;0,17;0,9732305407524109
0,06181818181818182;0,17;0,973227858543396
0,06159420289855073;0,17;0,973227858543396
0,061371841155234655;0,17;0,973227858543396
0,06115107913669065;0,17;0,973227858543396
0,06093189964157706;0,17;0,973227858543396
0,060714285714285714;0,17;0,973227858543396
0,060498220640569395;0,17;0,973227858543396
0,06028368794326241;0,17;0,973227858543396
0,06007067137809187;0,17;0,973227858543396
0,05985915492957746;0,17;0,9732196927070618
0,05964912280701754;0,17;0,9732125997543335
0,05944055944055944;0,17;0,9731868505477905
0,059233449477351915;0,17;0,9731453061103821
0,059027777777777776;0,17;0,9731431603431702
0,058823529411764705;0,17;0,9731082916259766
0,05862068965517241;0,17;0,9730744361877441
0,058419243986254296;0,17;0,9730597734451294
0,05821917808219178;0,17;0,9730044603347778
0,05802047781569966;0,17;0,9730044603347778
0,061224489795918366;0,18;0,9729576110839844
0,061016949152542375;0,18;0,9729131460189819
0,060810810810810814;0,18;0,9728724360466003
0,06060606060606061;0,18;0,9728474617004395
0,06040268456375839;0,18;0,9727874398231506
0,06020066889632107;0,18;0,9727856516838074
0,06;0,18;0,9727824926376343
0,059800664451827246;0,18;0,9727799296379089
0,059602649006622516;0,18;0,9727737307548523
0,0594059405940594;0,18;0,9727660417556763
0,0625;0,19;0,9725717306137085
0,06229508196721312;0,19;0,9725717306137085
0,06209150326797386;0,19;0,9725403785705566
0,06188925081433225;0,19;0,9725403785705566
0,06168831168831169;0,19;0,9725314378738403
0,061488673139158574;0,19;0,9724485874176025
0,06129032258064516;0,19;0,9724410176277161
0,06109324758842444;0,19;0,9723987579345703
0,0641025641025641;0,2;0,9723252654075623
0,0670926517571885;0,21;0,9723079204559326
0,06687898089171974;0,21;0,972271740436554
0,06666666666666667;0,21;0,9722684621810913
0,06645569620253164;0,21;0,9722189903259277
0,06624605678233439;0,21;0,9722189903259277
0,0660377358490566;0,21;0,9722189903259277
0,06583072100313479;0,21;0,9721493721008301
0,065625;0,21;0,972019374370575
0,06542056074766354;0,21;0,9720140099525452
0,06521739130434782;0,21;0,9719361662864685
0,06501547987616099;0,21;0,9719282984733582
0,06481481481481481;0,21;0,9719282984733582
0,06461538461538462;0,21;0,9718956351280212
0,06441717791411043;0,21;0,9716951251029968
0,06422018348623854;0,21;0,9716310501098633
0,06707317073170732;0,22;0,9716135263442993
0,0668693009118541;0,22;0,9714014530181885
0,06666666666666667;0,22;0,9714014530181885
0,06646525679758308;0,22;0,9713659882545471
0,06626506024096386;0,22;0,9713484644889832
0,06606606606606606;0,22;0,9712726473808289
0,0658682634730539;0,22;0,9712726473808289
0,06567164179104477;0,22;0,9712726473808289
0,06547619047619048;0,22;0,9712657928466797
0,06528189910979229;0,22;0,9712542295455933
0,0650887573964497;0,22;0,9712542295455933
0,06489675516224189;0,22;0,9712542295455933
0,06764705882352941;0,23;0,9712542295455933
0,06744868035190615;0,23;0,9712542295455933
0,06725146198830409;0,23;0,9712033867835999
0,06705539358600583;0,23;0,9712033867835999
0,06686046511627906;0,23;0,9711899161338806
0,06956521739130435;0,24;0,9711899161338806
0,06936416184971098;0,24;0,9711899161338806
0,069164265129683;0,24;0,9711878895759583
0,07183908045977011;0,25;0,9711449146270752
0,07163323782234957;0,25;0,9711018800735474
0,07142857142857142;0,25;0,9710466861724854
0,07122507122507123;0,25;0,9709805846214294
0,07102272727272728;0,25;0,9709662795066833
0,0708215297450425;0,25;0,970823347568512
0,07062146892655367;0,25;0,9707733392715454
0,07042253521126761;0,25;0,9706559777259827
0,0702247191011236;0,25;0,9705472588539124
0,0700280112044818;0,25;0,9704653024673462
0,06983240223463687;0,25;0,9703814387321472
0,06963788300835655;0,25;0,9703811407089233
0,06944444444444445;0,25;0,9703176021575928
0,06925207756232687;0,25;0,9702334403991699
0,06906077348066299;0,25;0,9698634743690491
0,06887052341597796;0,25;0,9698247909545898
0,06868131868131869;0,25;0,969754159450531
0,0684931506849315;0,25;0,9696019291877747
0,06830601092896176;0,25;0,9694811105728149
0,0681198910081744;0,25;0,9694697856903076
0,06793478260869565;0,25;0,9693543910980225
0,06775067750677506;0,25;0,9693365097045898
0,06756756756756757;0,25;0,9692660570144653
0,0673854447439353;0,25;0,9690014719963074
0,06720430107526881;0,25;0,9688897728919983
0,06702412868632708;0,25;0,9688897728919983
0,06684491978609626;0,25;0,9688223004341125
0,06933333333333333;0,26;0,9688223004341125
0,07180851063829788;0,27;0,9687278866767883
0,07161803713527852;0,27;0,9687278866767883
0,07142857142857142;0,27;0,9687250852584839
0,0712401055408971;0,27;0,9687199592590332
0,07105263157894737;0,27;0,9687038064002991
0,07086614173228346;0,27;0,9686806797981262
0,07068062827225131;0,27;0,9686347246170044
0,07049608355091384;0,27;0,9686347246170044
0,0703125;0,27;0,9685802459716797
0,07012987012987013;0,27;0,9685429930686951
0,06994818652849741;0,27;0,968502938747406
0,06976744186046512;0,27;0,9684922099113464
0,06958762886597938;0,27;0,9682990312576294
0,06940874035989718;0,27;0,9682990312576294
0,06923076923076923;0,27;0,9682249426841736
0,06905370843989769;0,27;0,9681622385978699
0,06887755102040816;0,27;0,9680458307266235
0,06870229007633588;0,27;0,9678547382354736
0,06852791878172589;0,27;0,9678547382354736
0,07088607594936709;0,28;0,9676786661148071
0,0707070707070707;0,28;0,9676716327667236
0,07052896725440806;0,28;0,9676107168197632
0,0728643216080402;0,29;0,9676107168197632
0,07268170426065163;0,29;0,9676107168197632
0,0725;0,29;0,9675507545471191
0,07231920199501247;0,29;0,9669834971427917
0,07213930348258707;0,29;0,9667147397994995
0,07196029776674938;0,29;0,966541051864624
0,07178217821782178;0,29;0,9660750031471252
0,07160493827160494;0,29;0,9660750031471252
0,07142857142857142;0,29;0,9659640789031982
0,07125307125307126;0,29;0,9658222794532776
0,07107843137254902;0,29;0,9655519127845764
0,07090464547677261;0,29;0,9654847979545593
0,07073170731707316;0,29;0,9654775857925415
0,0705596107055961;0,29;0,9651411175727844
0,07281553398058252;0,3;0,9649288654327393
0,07506053268765134;0,31;0,964771032333374
0,0748792270531401;0,31;0,9645470976829529
0,0746987951807229;0,31;0,9644787311553955
0,07451923076923077;0,31;0,9644620418548584
0,07434052757793765;0,31;0,9643928408622742
0,07416267942583732;0,31;0,9642876386642456
0,07398568019093078;0,31;0,9642876386642456
0,07380952380952381;0,31;0,9642648100852966
0,07363420427553444;0,31;0,9642648100852966
0,07345971563981042;0,31;0,9641968607902527
0,07328605200945626;0,31;0,9641968607902527
0,07311320754716981;0,31;0,9641968607902527
0,07294117647058823;0,31;0,9641968607902527
0,07276995305164319;0,31;0,9641968607902527
0,07259953161592506;0,31;0,964146614074707
0,07476635514018691;0,32;0,9637281894683838
0,07459207459207459;0,32;0,9635014533996582
0,07441860465116279;0,32;0,9635014533996582
0,0765661252900232;0,33;0,9635014533996582
0,0763888888888889;0,33;0,9635014533996582
0,07621247113163972;0,33;0,9635014533996582
0,07603686635944701;0,33;0,9635013341903687
0,07586206896551724;0,33;0,9634411334991455
0,07568807339449542;0,33;0,9634411334991455
0,07551487414187644;0,33;0,9634411334991455
0,07534246575342465;0,33;0,9634067416191101
0,07517084282460136;0,33;0,96275395154953
0,075;0,33;0,9627193808555603
0,07482993197278912;0,33;0,9620446562767029
0,0746606334841629;0,33;0,9618808627128601
0,0744920993227991;0,33;0,96185702085495
0,07432432432432433;0,33;0,9611443281173706
0,07415730337078652;0,33;0,9605025053024292
0,07399103139013453;0,33;0,9601432085037231
0,07606263982102908;0,34;0,9599869847297668
0,07589285714285714;0,34;0,9598337411880493
0,0757238307349666;0,34;0,9598337411880493
0,07555555555555556;0,34;0,9595133662223816
0,07538802660753881;0,34;0,9593197107315063
0,0752212389380531;0,34;0,9593197107315063
0,07505518763796909;0,34;0,9591736793518066
0,07488986784140969;0,34;0,9591530561447144
0,07472527472527472;0,34;0,9591530561447144
0,07675438596491228;0,35;0,9591530561447144
0,07658643326039387;0,35;0,9591530561447144
0,07641921397379912;0,35;0,9591530561447144
0,07625272331154684;0,35;0,9589492678642273
0,07608695652173914;0,35;0,9587688446044922
0,07592190889370933;0,35;0,9577581286430359
0,07575757575757576;0,35;0,9576132893562317
0,07775377969762419;0,36;0,9568403363227844
0,07758620689655173;0,36;0,9567552208900452
0,07741935483870968;0,36;0,9567317962646484
0,07725321888412018;0,36;0,9567317962646484
0,07708779443254818;0,36;0,9564154744148254
0,07692307692307693;0,36;0,9564154744148254
0,07889125799573561;0,37;0,9557005167007446
0,07872340425531915;0,37;0,9557005167007446
0,07855626326963906;0,37;0,9557005167007446
0,07838983050847458;0,37;0,9557005167007446
0,07822410147991543;0,37;0,9557005167007446
0,07805907172995781;0,37;0,9557005167007446
0,07789473684210527;0,37;0,9556501507759094
0,07773109243697479;0,37;0,9542657136917114
0,07756813417190776;0,37;0,9528009295463562
0,07740585774058577;0,37;0,9527513384819031
0,07724425887265135;0,37;0,9522877931594849
0,07708333333333334;0,37;0,9521571397781372
0,07692307692307693;0,37;0,9521571397781372
0,07883817427385892;0,38;0,9512506723403931
0,07867494824016563;0,38;0,950984001159668
0,07851239669421488;0,38;0,9494144320487976
0,07835051546391752;0,38;0,9486465454101562
0,07818930041152264;0,38;0,9484291076660156
0,07802874743326489;0,38;0,9484291076660156
0,0778688524590164;0,38;0,9479359984397888
0,07770961145194274;0,38;0,9470959901809692
0,07755102040816327;0,38;0,9469141364097595
0,07739307535641547;0,38;0,9463301301002502
0,07723577235772358;0,38;0,9459189772605896
0,07707910750507099;0,38;0,9453068971633911
0,07692307692307693;0,38;0,9442435503005981
0,07676767676767676;0,38;0,9442435503005981
0,07862903225806452;0,39;0,9439105987548828
0,07847082494969819;0,39;0,9439105987548828
0,0783132530120482;0,39;0,9439105987548828
0,0781563126252505;0,39;0,9439105987548828
0,078;0,39;0,9434588551521301
0,07784431137724551;0,39;0,9430384635925293
0,07768924302788845;0,39;0,9428533911705017
0,07952286282306163;0,4;0,9426560997962952
0,07936507936507936;0,4;0,9425303936004639
0,07920792079207921;0,4;0,9419575929641724
0,07905138339920949;0,4;0,9419575929641724
0,07889546351084813;0,4;0,9417267441749573
0,07874015748031496;0,4;0,9416581392288208
0,07858546168958742;0,4;0,9416581392288208
0,0784313725490196;0,4;0,9413525462150574
0,07827788649706457;0,4;0,9413071274757385
0,078125;0,4;0,9412826895713806
0,07797270955165692;0,4;0,9411770105361938
0,07782101167315175;0,4;0,9411770105361938
0,07766990291262135;0,4;0,9410222172737122
0,07751937984496124;0,4;0,9409726858139038
0,07736943907156674;0,4;0,9409397840499878
0,07915057915057915;0,41;0,9404553771018982
0,0789980732177264;0,41;0,9404553771018982
0,07884615384615384;0,41;0,9404553771018982
0,07869481765834933;0,41;0,940209686756134
0,07854406130268199;0,41;0,9397306442260742
0,07839388145315487;0,41;0,9395328760147095
0,07824427480916031;0,41;0,9384060502052307
0,07809523809523809;0,41;0,9381872415542603
0,0779467680608365;0,41;0,9381195902824402
0,0777988614800759;0,41;0,9378988742828369
0,07765151515151515;0,41;0,9378988742828369
0,07750472589792061;0,41;0,9378988742828369
0,07735849056603773;0,41;0,9378988742828369
0,07721280602636535;0,41;0,9378594756126404
0,07706766917293233;0,41;0,9377513527870178
0,07692307692307693;0,41;0,9377513527870178
0,07677902621722846;0,41;0,9371840357780457
0,07850467289719626;0,42;0,9371840357780457
0,07835820895522388;0,42;0,9371840357780457
0,0782122905027933;0,42;0,937028169631958
0,07806691449814127;0,42;0,937028169631958
0,07792207792207792;0,42;0,937028169631958
0,07777777777777778;0,42;0,937028169631958
0,07763401109057301;0,42;0,9369826316833496
0,07749077490774908;0,42;0,9369639158248901
0,07734806629834254;0,42;0,9369309544563293
0,07720588235294118;0,42;0,9369309544563293
0,07706422018348624;0,42;0,9366018772125244
0,07692307692307693;0,42;0,9366018772125244
0,07678244972577697;0,42;0,9362055659294128
0,07664233576642336;0,42;0,9346910119056702
0,07650273224043716;0,42;0,9339986443519592
0,07636363636363637;0,42;0,9339986443519592
0,07622504537205081;0,42;0,9329564571380615
0,07608695652173914;0,42;0,9319669008255005
0,0759493670886076;0,42;0,931674599647522
0,07581227436823104;0,42;0,9302098155021667
0,07567567567567568;0,42;0,9298023581504822
0,07553956834532374;0,42;0,9291712045669556
0,07540394973070018;0,42;0,927725613117218
0,07526881720430108;0,42;0,9274963140487671
0,07513416815742398;0,42;0,9273142218589783
0,075;0,42;0,9273142218589783
0,0748663101604278;0,42;0,9271209239959717
0,07473309608540925;0,42;0,9261789917945862
0,07460035523978685;0,42;0,9248484969139099
0,07446808510638298;0,42;0,9245879650115967
0,07610619469026549;0,43;0,9242571592330933
0,07597173144876325;0,43;0,9234296083450317
0,07583774250440917;0,43;0,9231692552566528
0,07570422535211267;0,43;0,9223946928977966
0,07557117750439367;0,43;0,9181137681007385
0,07543859649122807;0,43;0,9181137681007385
0,07530647985989491;0,43;0,916623592376709
0,07517482517482517;0,43;0,9165221452713013
0,07678883071553229;0,44;0,9165221452713013
0,07665505226480836;0,44;0,915532648563385
0,07652173913043478;0,44;0,915246844291687
0,0763888888888889;0,44;0,915230393409729
0,07625649913344887;0,44;0,9132906794548035
0,07612456747404844;0,44;0,9105908870697021
0,07599309153713299;0,44;0,9078339338302612
0,07758620689655173;0,45;0,9039290547370911
0,0774526678141136;0,45;0,9015549421310425
0,07731958762886598;0,45;0,9015549421310425
0,07718696397941681;0,45;0,90036541223526
0,07705479452054795;0,45;0,9001836776733398
0,07692307692307693;0,45;0,8948112726211548
0,07679180887372014;0,45;0,8945822715759277
0,07666098807495741;0,45;0,8919589519500732
0,07653061224489796;0,45;0,8904677629470825
0,07640067911714771;0,45;0,8859783411026001
0,07627118644067797;0,45;0,8856220841407776
0,07614213197969544;0,45;0,8839287161827087
0,07601351351351351;0,45;0,8822102546691895
0,07588532883642496;0,45;0,879350483417511
0,07575757575757576;0,45;0,879350483417511
0,07563025210084033;0,45;0,879350483417511
0,07550335570469799;0,45;0,879350483417511
0,07537688442211055;0,45;0,879350483417511
0,07525083612040134;0,45;0,8760244846343994
0,07512520868113523;0,45;0,8756304383277893
0,075;0,45;0,8734201192855835
0,07487520798668885;0,45;0,8718346357345581
0,07475083056478406;0,45;0,8686045408248901
0,07462686567164178;0,45;0,8686045408248901
0,07450331125827815;0,45;0,8669344782829285
0,0743801652892562;0,45;0,8644340634346008
0,07425742574257425;0,45;0,861989438533783
0,07413509060955518;0,45;0,8619032502174377
0,07401315789473684;0,45;0,8604256510734558
0,07389162561576355;0,45;0,8594033718109131
0,07377049180327869;0,45;0,8553393483161926
0,07364975450081833;0,45;0,8507987260818481
0,07352941176470588;0,45;0,848263144493103
0,0734094616639478;0,45;0,8482550382614136
0,0732899022801303;0,45;0,8481023907661438
0,07317073170731707;0,45;0,8481023907661438
0,07305194805194805;0,45;0,843941330909729
0,07293354943273905;0,45;0,8384765386581421
0,07281553398058252;0,45;0,8384765386581421
0,07269789983844911;0,45;0,8384765386581421
0,07258064516129033;0,45;0,8334444761276245
0,07246376811594203;0,45;0,8321904540061951
0,07234726688102894;0,45;0,8321492075920105
0,07223113964686999;0,45;0,8282875418663025
0,07211538461538461;0,45;0,8257495760917664
0,072;0,45;0,8257495760917664
0,07188498402555911;0,45;0,8219509124755859
0,07177033492822966;0,45;0,8219509124755859
0,07165605095541401;0,45;0,821702241897583
0,07313195548489666;0,46;0,821702241897583
0,07301587301587302;0,46;0,821702241897583
0,07290015847860538;0,46;0,8107179999351501
0,07278481012658228;0,46;0,8091896772384644
0,07266982622432859;0,46;0,8024434447288513
0,07255520504731862;0,46;0,8024434447288513
0,07244094488188976;0,46;0,7985746264457703
0,07232704402515723;0,46;0,7959680557250977
0,07221350078492936;0,46;0,7959680557250977
0,07366771159874608;0,47;0,7917618155479431
0,07355242566510173;0,47;0,7917618155479431
0,0734375;0,47;0,7914855480194092
0,07332293291731669;0,47;0,7909117937088013
0,07320872274143302;0,47;0,7894132733345032
0,07465007776049767;0,48;0,7861039638519287
0,07453416149068323;0,48;0,7795297503471375
0,07596899224806201;0,49;0,77379310131073
0,07585139318885449;0,49;0,7658713459968567
0,07573415765069552;0,49;0,7658713459968567
0,07561728395061729;0,49;0,7658713459968567
0,07550077041602465;0,49;0,7658713459968567
0,07538461538461538;0,49;0,7658713459968567
0,07526881720430108;0,49;0,7658713459968567
0,07515337423312883;0,49;0,7656980156898499
0,07503828483920368;0,49;0,7654938101768494
0,0764525993883792;0,5;0,7642300724983215
0,07633587786259542;0,5;0,7641796469688416
0,07621951219512195;0,5;0,7641796469688416
0,076103500761035;0,5;0,7641796469688416
0,07598784194528875;0,5;0,7636658549308777
0,07587253414264036;0,5;0,760694146156311
0,07575757575757576;0,5;0,7588322162628174
0,07564296520423601;0,5;0,751154899597168
0,0755287009063444;0,5;0,7499345541000366
0,07541478129713423;0,5;0,74778151512146
0,07530120481927711;0,5;0,7472378015518188
0,07518796992481203;0,5;0,7416236400604248
0,07507507507507508;0,5;0,7338658571243286
0,07646176911544228;0,51;0,7260922789573669
0,07634730538922156;0,51;0,725739598274231
0,07623318385650224;0,51;0,725739598274231
0,07611940298507462;0,51;0,7240900993347168
0,07600596125186289;0,51;0,7226879596710205
0,07589285714285714;0,51;0,7222113609313965
0,07578008915304606;0,51;0,7208902835845947
0,07566765578635015;0,51;0,7157474756240845
0,07555555555555556;0,51;0,7096620202064514
0,07544378698224852;0,51;0,7064197063446045
0,07533234859675036;0,51;0,7002926468849182
0,0752212389380531;0,51;0,685994565486908
0,07658321060382917;0,52;0,6854529976844788
0,07647058823529412;0,52;0,6818192601203918
0,0763582966226138;0,52;0,674534022808075
0,07624633431085044;0,52;0,6731865406036377
0,07613469985358712;0,52;0,672318696975708
0,07602339181286549;0,52;0,6689214706420898
0,07591240875912408;0,52;0,6674239635467529
0,07580174927113703;0,52;0,6669037342071533
0,07569141193595343;0,52;0,6565122008323669
0,0755813953488372;0,52;0,6239664554595947
0,07547169811320754;0,52;0,6207094788551331
0,07536231884057971;0,52;0,6156159043312073
0,07525325615050651;0,52;0,6053353548049927
0,07514450867052024;0,52;0,6010484099388123
0,07503607503607504;0,52;0,5999681353569031
0,07492795389048991;0,52;0,5975576639175415
0,07625899280575539;0,53;0,595811128616333
0,07614942528735633;0,53;0,5881364345550537
0,07604017216642754;0,53;0,5771782398223877
0,07593123209169055;0,53;0,5712427496910095
0,07582260371959942;0,53;0,5688889026641846
0,07571428571428572;0,53;0,5649284720420837
0,07560627674750357;0,53;0,5583670139312744
0,0754985754985755;0,53;0,5577206611633301
0,07539118065433854;0,53;0,5508204698562622
0,07670454545454546;0,54;0,5428652763366699
0,07659574468085106;0,54;0,528873085975647
0,0764872521246459;0,54;0,5185132622718811
0,07637906647807638;0,54;0,49697616696357727
0,07627118644067797;0,54;0,4854888319969177
0,076163610719323;0,54;0,48251253366470337
0,07605633802816901;0,54;0,4817279279232025
0,0759493670886076;0,54;0,46505165100097656
0,07584269662921349;0,54;0,4603879749774933
0,07573632538569425;0,54;0,44484972953796387
0,07563025210084033;0,54;0,4297105073928833
0,07552447552447553;0,54;0,42726656794548035
0,07541899441340782;0,54;0,4265386760234833
0,07531380753138076;0,54;0,42444753646850586
0,07520891364902507;0,54;0,4217834174633026
0,07510431154381085;0,54;0,4159957766532898
0,075;0,54;0,4102352261543274
0,07489597780859916;0,54;0,40441465377807617
0,07479224376731301;0,54;0,392449289560318
0,07468879668049792;0,54;0,38933321833610535
0,07458563535911603;0,54;0,38481879234313965
0,07448275862068965;0,54;0,3792959451675415
0,0743801652892562;0,54;0,3792959451675415
0,07427785419532325;0,54;0,3792959451675415
0,07417582417582418;0,54;0,378510057926178
0,07407407407407407;0,54;0,3766081929206848
0,07397260273972603;0,54;0,3758481740951538
0,07387140902872777;0,54;0,3706314265727997
0,07377049180327869;0,54;0,3573172390460968
0,07366984993178717;0,54;0,35413140058517456
0,07356948228882834;0,54;0,3458278477191925
0,07346938775510205;0,54;0,34152287244796753
0,07336956521739131;0,54;0,339568555355072
0,07327001356852103;0,54;0,33426374197006226
0,07317073170731707;0,54;0,3311678171157837
0,07307171853856563;0,54;0,330514132976532
0,07432432432432433;0,55;0,33029213547706604
0,07557354925775979;0,56;0,3268536925315857
0,07547169811320754;0,56;0,3204430043697357
0,07537012113055182;0,56;0,31640511751174927
0,07526881720430108;0,56;0,31640511751174927
0,07651006711409396;0,57;0,314850777387619
0,0777479892761394;0,58;0,31410086154937744
0,07764390896921017;0,58;0,31410086154937744
0,07754010695187166;0,58;0,31410086154937744
0,0774365821094793;0,58;0,3133450448513031
0,07733333333333334;0,58;0,31333890557289124
0,07723035952063914;0,58;0,30168384313583374
0,07712765957446809;0,58;0,296294629573822
0,07702523240371846;0,58;0,28721940517425537
0,07692307692307693;0,58;0,28721940517425537
0,07682119205298013;0,58;0,28367680311203003
0,07671957671957672;0,58;0,27847862243652344
0,07661822985468957;0,58;0,27476441860198975
0,07651715039577836;0,58;0,2706298828125
0,0764163372859025;0,58;0,2624189853668213
0,07631578947368421;0,58;0,25439876317977905
0,07621550591327202;0,58;0,2536119818687439
0,07742782152230972;0,59;0,25089555978775024
0,07732634338138926;0,59;0,24813610315322876
0,07722513089005235;0,59;0,2407255619764328
0,07712418300653595;0,59;0,23307323455810547
0,07702349869451697;0,59;0,22787684202194214
0,07692307692307693;0,59;0,22029486298561096
0,07682291666666667;0,59;0,216262549161911
0,07672301690507152;0,59;0,2117123007774353
0,07662337662337662;0,59;0,2061726599931717
0,07782101167315175;0,6;0,2044089287519455
0,07772020725388601;0,6;0,1973007172346115
0,07761966364812418;0,6;0,1973007172346115
0,07751937984496124;0,6;0,1973007172346115
0,07741935483870968;0,6;0,1963489055633545
0,07731958762886598;0,6;0,1963489055633545
0,07722007722007722;0,6;0,1955559402704239
0,07712082262210797;0,6;0,1923060268163681
0,07702182284980745;0,6;0,1917155683040619
0,07692307692307693;0,6;0,19153451919555664
0,07682458386683738;0,6;0,1890481561422348
0,07672634271099744;0,6;0,1852179616689682
0,07662835249042145;0,6;0,18297292292118073
0,07653061224489796;0,6;0,18207187950611115
0,07643312101910828;0,6;0,18207187950611115
0,07633587786259542;0,6;0,18137295544147491
0,07623888182973317;0,6;0,18088600039482117
0,07614213197969544;0,6;0,18031738698482513
0,07604562737642585;0,6;0,18031738698482513
0,07721518987341772;0,61;0,17521357536315918
0,07711757269279393;0,61;0,17019200325012207
0,07702020202020202;0,61;0,1692507266998291
0,07692307692307693;0,61;0,16911692917346954
0,07682619647355164;0,61;0,16657888889312744
0,0779874213836478;0,62;0,16356702148914337
0,07788944723618091;0,62;0,16174550354480743
0,07779171894604768;0,62;0,16174550354480743
0,07769423558897243;0,62;0,16174550354480743
0,07884856070087609;0,63;0,16174550354480743
0,07875;0,63;0,16174550354480743
0,07865168539325842;0,63;0,16123612225055695
0,07855361596009976;0,63;0,16045865416526794
0,0784557907845579;0,63;0,16038841009140015
0,07835820895522388;0,63;0,160296231508255
0,0782608695652174;0,63;0,15900930762290955
0,07816377171215881;0,63;0,15900930762290955
0,07806691449814127;0,63;0,15900930762290955
0,07797029702970297;0,63;0,15642602741718292
0,07911001236093942;0,64;0,15504787862300873
0,07901234567901234;0,64;0,15502798557281494
0,07891491985203453;0,64;0,15496832132339478
0,07881773399014778;0,64;0,1548091322183609
0,07872078720787208;0,64;0,15375106036663055
0,07862407862407862;0,64;0,1533525586128235
0,0785276073619632;0,64;0,15198826789855957
0,0784313725490196;0,64;0,15192781388759613
0,07833537331701346;0,64;0,15192781388759613
0,07823960880195599;0,64;0,15129278600215912
0,07814407814407814;0,64;0,1509857475757599
0,07804878048780488;0,64;0,15086093544960022
0,0779537149817296;0,64;0,15085577964782715
0,07785888077858881;0,64;0,15066654980182648
0,07776427703523693;0,64;0,15058255195617676
0,07766990291262135;0,64;0,15007901191711426
0,07757575757575758;0,64;0,1497996598482132
0,0774818401937046;0,64;0,14916521310806274
0,0773881499395405;0,64;0,14767062664031982
0,07729468599033816;0,64;0,14657263457775116
0,07720144752714113;0,64;0,14655934274196625
0,07710843373493977;0,64;0,14577923715114594
0,07701564380264742;0,64;0,14553232491016388
0,07692307692307693;0,64;0,14543139934539795
0,07683073229291716;0,64;0,14540331065654755
0,07793764988009592;0,65;0,1453511267900467
0,07784431137724551;0,65;0,14531823992729187
0,07775119617224881;0,65;0,14525745809078217
0,07765830346475508;0,65;0,1442241668701172
0,07756563245823389;0,65;0,14388588070869446
0,07747318235995232;0,65;0,14384706318378448
0,07738095238095238;0,65;0,14384706318378448
0,07728894173602854;0,65;0,14384706318378448
0,07719714964370546;0,65;0,14381861686706543
0,0771055753262159;0,65;0,14360471069812775
0,07701421800947868;0,65;0,14359043538570404
0,07692307692307693;0,65;0,14359043538570404
0,0768321513002364;0,65;0,1433882713317871
0,07674144037780402;0,65;0,143116757273674
0,07665094339622641;0,65;0,1430945098400116
0,07656065959952886;0,65;0,1429150104522705
0,07647058823529412;0,65;0,14281712472438812
0,07638072855464159;0,65;0,14269950985908508
0,07629107981220658;0,65;0,14246435463428497
0,07620164126611957;0,65;0,14244741201400757
0,07611241217798595;0,65;0,14223305881023407
0,07602339181286549;0,65;0,1420515924692154
0,07593457943925233;0,65;0,1420251429080963
0,07584597432905485;0,65;0,1418970823287964
0,07575757575757576;0,65;0,1417837291955948
0,07566938300349244;0,65;0,1416194885969162
0,0755813953488372;0,65;0,14151684939861298
0,07549361207897794;0,65;0,14136099815368652
0,07540603248259861;0,65;0,14127394556999207
0,07531865585168018;0,65;0,1411999613046646
0,07523148148148148;0,65;0,14109770953655243
0,07514450867052024;0,65;0,1410437524318695
0,07505773672055427;0,65;0,14093942940235138
0,07497116493656286;0,65;0,1409345418214798
0,0748847926267281;0,65;0,14093033969402313
0,07479861910241657;0,65;0,14069627225399017
0,07471264367816093;0,65;0,1404229700565338
0,07462686567164178;0,65;0,14040102064609528
0,07568807339449542;0,66;0,14036165177822113
0,07674684994272624;0,67;0,14035779237747192
0,07665903890160183;0,67;0,14033038914203644
0,07657142857142857;0,67;0,1403283029794693
0,07648401826484018;0,67;0,1402503252029419
0,07639680729760548;0,67;0,14018122851848602
0,07630979498861047;0,67;0,1401527225971222
0,07622298065984073;0,67;0,1401527225971222
0,07613636363636364;0,67;0,14006707072257996
0,07604994324631101;0,67;0,14004836976528168
0,07596371882086168;0,67;0,14004836976528168
0,07587768969422423;0,67;0,14001059532165527
0,0757918552036199;0,67;0,14001059532165527
0,07570621468926554;0,67;0,14001059532165527
0,07562076749435666;0,67;0,14001059532165527
0,07553551296505073;0,67;0,14001059532165527
0,07545045045045046;0,67;0,14001059532165527
0,07536557930258718;0,67;0,14001059532165527
0,07528089887640449;0,67;0,1399974822998047
0,07519640852974187;0,67;0,13997820019721985
0,07511210762331838;0,67;0,13995344936847687
0,07502799552071669;0,67;0,13995344936847687
0,07494407158836688;0,67;0,1399269998073578
0,07486033519553073;0,67;0,13988502323627472
0,07477678571428571;0,67;0,13988502323627472
0,07469342251950947;0,67;0,1398717314004898
0,07461024498886415;0,67;0,13948625326156616
0,07452725250278086;0,67;0,13925738632678986
0,07444444444444444;0,67;0,13887985050678253
0,07436182019977802;0,67;0,13859233260154724
0,07427937915742794;0,67;0,13851088285446167
0,07419712070874862;0,67;0,13851088285446167
0,07411504424778761;0,67;0,13844549655914307
0,07403314917127071;0,67;0,13842467963695526
0,0739514348785872;0,67;0,13838595151901245
0,07386990077177508;0,67;0,13832761347293854
0,07378854625550661;0,67;0,1382564902305603
0,0737073707370737;0,67;0,1380547732114792
0,07362637362637363;0,67;0,13802319765090942
0,07354555433589462;0,67;0,1378505527973175
0,07346491228070176;0,67;0,1377428025007248
0,07338444687842278;0,67;0,13755249977111816
0,07330415754923414;0,67;0,13743478059768677
0,073224043715847;0,67;0,07210353016853333
0,07314410480349345;0,67;0,0710473582148552
0,07306434023991276;0,67;0,06781132519245148
0,07298474945533769;0,67;0,06510702520608902
0,07290533188248095;0,67;0,06510702520608902
0,07282608695652174;0,67;0,06510702520608902
0,0727470141150923;0,67;0,06371109932661057
0,0737527114967462;0,68;0,06300036609172821
0,07367280606717226;0,68;0,06300036609172821
0,0735930735930736;0,68;0,06291797757148743
0,07351351351351351;0,68;0,06291797757148743
0,0734341252699784;0,68;0,06147744506597519
0,07335490830636461;0,68;0,05942447483539581
0,07435344827586207;0,69;0,04659540206193924
0,07427341227125941;0,69;0,044046852737665176
0,07419354838709677;0,69;0,04271962493658066
0,07411385606874328;0,69;0,04201400652527809
0,0740343347639485;0,69;0,03866980969905853
0,07395498392282958;0,69;0,03226746991276741
0,07387580299785867;0,69;0,020870890468358994
0,07379679144385026;0,69;0,01733996719121933
0,07371794871794872;0,69;0,016970498487353325
0,0736392742796158;0,69;0,013425469398498535
0,07356076759061833;0,69;0,011989962309598923
0,07348242811501597;0,69;0,011378453113138676
0,07446808510638298;0,7;0,01031084917485714
0,07438894792773645;0,7;0,010146710090339184
0,07430997876857749;0,7;0,008044146001338959
0,07423117709437964;0,7;0,007060839328914881
0,07415254237288135;0,7;0,00679188733920455
0,07407407407407407;0,7;0,006682863458991051
0,07399577167019028;0,7;0,006595552433282137
0,07497360084477296;0,71;0,005726267583668232
0,07489451476793249;0,71;0,0054640816524624825
0,07481559536354057;0,71;0,0054640816524624825
0,07473684210526316;0,71;0,0051191686652600765
0,07465825446898001;0,71;0,0051191686652600765
0,07457983193277311;0,71;0,004582121502608061
0,07450157397691501;0,71;0,004349698778241873
0,07442348008385745;0,71;0,00411017332226038
0,0743455497382199;0,71;0,00411017332226038
0,07426778242677824;0,71;0,0034787298645824194
0,0741901776384535;0,71;0,0034787298645824194
0,07411273486430063;0,71;0,0033126589842140675
0,0740354535974974;0,71;0,003141221357509494
0,07395833333333333;0,71;0,0028613407630473375
0,07492195629552549;0,72;0,002781349467113614
0,07484407484407485;0,72;0,002781349467113614
0,07476635514018691;0,72;0,002758234739303589
0,07468879668049792;0,72;0,0027541769668459892
0,07461139896373056;0,72;0,0027454239316284657
0,07453416149068323;0,72;0,0026964519638568163
0,07445708376421924;0,72;0,0025143881794065237
0,0743801652892562;0,72;0,002495373133569956
0,07430340557275542;0,72;0,002495373133569956
0,07422680412371134;0,72;0,0024272510781884193
0,07415036045314109;0,72;0,0024272510781884193
0,07407407407407407;0,72;0,0024272510781884193
0,07399794450154162;0,72;0,0022945362143218517
0,07392197125256673;0,72;0,0022940561175346375
0,07384615384615385;0,72;0,0022904998622834682
0,07377049180327869;0,72;0,002290479140356183
0,0736949846468782;0,72;0,002288080984726548
0,07464212678936605;0,73;0,0022821289021521807
0,0745658835546476;0,73;0,002281856257468462
0,07448979591836735;0,73;0,002281856257468462
0,0744138634046891;0,73;0,0022796785924583673
0,07433808553971487;0,73;0,0022794529795646667
0,07426246185147507;0,73;0,00227919383905828
0,0741869918699187;0,73;0,0022743099834769964
0,07411167512690356;0,73;0,0022734811063855886
0,07403651115618662;0,73;0,0022691134363412857
0,07396149949341439;0,73;0,002266988856717944
0,07388663967611336;0,73;0,002266284776851535
0,07381193124368049;0,73;0,0022660926915705204
0,07373737373737374;0,73;0,002265945076942444
0,07366296670030273;0,73;0,002265945076942444
0,07358870967741936;0,73;0,0022657897789031267
0,07351460221550855;0,73;0,0022657488007098436
0,07344064386317907;0,73;0,0022648382000625134
0,07336683417085427;0,73;0,0022647723089903593
0,07429718875502007;0,74;0,0022647723089903593
0,07422266800401203;0,74;0,0022647723089903593
0,07414829659318638;0,74;0,0022647723089903593
0,07407407407407407;0,74;0,00226380187086761
0,074;0,74;0,002263500355184078
0,07492507492507493;0,75;0,0022632170002907515
0,0748502994011976;0,75;0,002263210713863373
0,07477567298105683;0,75;0,0022624721750617027
0,07470119521912351;0,75;0,0022624721750617027
0,07462686567164178;0,75;0,002262213733047247
0,07455268389662027;0,75;0,0022604321129620075
0,07447864945382324;0,75;0,0022581834346055984
0,0744047619047619;0,75;0,0022581834346055984
0,07433102081268583;0,75;0,0022574521135538816
0,07524752475247524;0,76;0,002256875392049551
0,0751730959446093;0,76;0,002256875392049551
0,07509881422924901;0,76;0,002255392959341407
0,07502467917077986;0,76;0,002254420891404152
0,07495069033530571;0,76;0,0022537391632795334
0,0748768472906404;0,76;0,0022537391632795334
0,07480314960629922;0,76;0,0022537056356668472
0,07472959685349066;0,76;0,0022477488964796066
0,07465618860510806;0,76;0,002244453178718686
0,0745829244357213;0,76;0,0022435991559177637
0,07450980392156863;0,76;0,0022413756232708693
0,07443682664054849;0,76;0,002239970723167062
0,07436399217221135;0,76;0,0022398929577320814
0,07429130009775171;0,76;0,002234280575066805
0,07421875;0,76;0,0022336971014738083
0,07414634146341463;0,76;0,002233582315966487
0,07407407407407407;0,76;0,002231120364740491
0,07497565725413827;0,77;0,0022308826446533203
0,07490272373540856;0,77;0,002230854006484151
0,07482993197278912;0,77;0,0022299434058368206
0,07475728155339806;0,77;0,002229668665677309
0,07565470417070805;0,78;0,002229668665677309
0,0755813953488372;0,78;0,002229668665677309
0,0755082284607938;0,78;0,002228103345260024
0,07543520309477757;0,78;0,0022243603598326445
0,07536231884057971;0,78;0,002218955894932151
0,07528957528957529;0,78;0,0022039718460291624
0,07521697203471553;0,78;0,0022039718460291624
0,07514450867052024;0,78;0,0021961848251521587
0,07507218479307026;0,78;0,0021361135877668858
0,075;0,78;0,0021361135877668858
0,07492795389048991;0,78;0,0021220168564468622
0,07485604606525911;0,78;0,0021220168564468622
0,07574304889741132;0,79;0,002120448276400566
0,07567049808429119;0,79;0,0021173127461224794
0,07559808612440191;0,79;0,002108924090862274
0,07648183556405354;0,8;0,0021053145173937082
0,07640878701050621;0,8;0,0021053145173937082
0,07633587786259542;0,8;0,0020675372797995806
0,07626310772163966;0,8;0,0020675372797995806
0,0761904761904762;0,8;0,002065614564344287
0,07611798287345385;0,8;0,002065614564344287
0,07604562737642585;0,8;0,0020635377150028944
0,07597340930674264;0,8;0,0020630694925785065
0,07590132827324478;0,8;0,0020371878053992987
0,07677725118483412;0,81;0,0020073605701327324
0,07670454545454546;0,81;0,0019966918043792248
0,07663197729422895;0,81;0,0019939960911870003
0,07655954631379962;0,81;0,0019786853808909655
0,0764872521246459;0,81;0,0019750746432691813
0,07735849056603773;0,82;0,00197431817650795
0,07728557964184732;0,82;0,0019714480731636286
0,07721280602636535;0,82;0,0019707949832081795
0,07714016933207903;0,82;0,0019122043158859015
0,07706766917293233;0,82;0,0019115109462291002
0,07699530516431925;0,82;0,0019101740326732397
0,07692307692307693;0,82;0,0019099678611382842
0,07685098406747891;0,82;0,0017973583890125155
0,07677902621722846;0,82;0,0017144865123555064
0,07764265668849392;0,83;0,0014053327031433582
0,07757009345794393;0,83;0,0013907160609960556
0,07749766573295985;0,83;0,0013907160609960556
0,07742537313432836;0,83;0,001351258484646678
0,07735321528424977;0,83;0,001351258484646678
0,07728119180633147;0,83;0,001351258484646678
0,07720930232558139;0,83;0,0013312749797478318
0,07713754646840149;0,83;0,0012628837721422315
0,07706592386258125;0,83;0,001170353963971138
0,07699443413729128;0,83;0,001169652328826487
0,07692307692307693;0,83;0,0011616882402449846
0,07685185185185185;0,83;0,0011616882402449846
0,07678075855689177;0,83;0,001159287174232304
0,0767097966728281;0,83;0,0011586303589865565
0,07663896583564174;0,83;0,0011586303589865565
0,07656826568265683;0,83;0,0011538155376911163
0,07741935483870968;0,84;0,0011506814043968916
0,07734806629834254;0,84;0,0011506814043968916
0,07727690892364306;0,84;0,0011502397246658802
0,07720588235294118;0,84;0,0011470448225736618
0,07713498622589532;0,84;0,001146249589510262
0,07706422018348624;0,84;0,0011459144297987223
